anio,departamento,tamanio,n_empresas,n_nacimientos,n_muertes,alfabetismo,accesos_a_estudios_terciarios,anios_de_educacion_promedio,promocion_educacion_media_cb,pobreza,informalidad,desempleo_en_jovenes,gini,acceso_a_internet,ingresos_de_los_hogares,tasa_de_desempleo,porcentaje_de_personal_presupuestado_en_la_intendencia,part_act_econ
2008,artigas,grandes,1,0,0,0.797,0.101,0.203,0.591,0.283,0.195,0.712,0.429,0.068,0.129,0.514,0.463,1.5
2008,artigas,medianas,26,0,3,0.797,0.101,0.203,0.591,0.283,0.195,0.712,0.429,0.068,0.129,0.514,0.463,1.5
2008,artigas,micro,1353,0,178,0.797,0.101,0.203,0.591,0.283,0.195,0.712,0.429,0.068,0.129,0.514,0.463,1.5
2008,artigas,pequeñas,233,0,7,0.797,0.101,0.203,0.591,0.283,0.195,0.712,0.429,0.068,0.129,0.514,0.463,1.5
2008,canelones,grandes,37,0,2,0.91,0.22,0.274,0.44,0.684,0.455,0.662,0.432,0.169,0.355,0.63,0.347,9.3
2008,canelones,medianas,322,0,12,0.91,0.22,0.274,0.44,0.684,0.455,0.662,0.432,0.169,0.355,0.63,0.347,9.3
2008,canelones,micro,9279,0,1201,0.91,0.22,0.274,0.44,0.684,0.455,0.662,0.432,0.169,0.355,0.63,0.347,9.3
2008,canelones,pequeñas,1849,0,75,0.91,0.22,0.274,0.44,0.684,0.455,0.662,0.432,0.169,0.355,0.63,0.347,9.3
2008,cerro largo,grandes,6,0,0,0.838,0.155,0.194,0.547,0.484,0.235,0.539,0.385,0.062,0.223,0.689,0.279,1.9
2008,cerro largo,medianas,39,0,3,0.838,0.155,0.194,0.547,0.484,0.235,0.539,0.385,0.062,0.223,0.689,0.279,1.9
2008,cerro largo,micro,1535,0,199,0.838,0.155,0.194,0.547,0.484,0.235,0.539,0.385,0.062,0.223,0.689,0.279,1.9
2008,cerro largo,pequeñas,275,0,9,0.838,0.155,0.194,0.547,0.484,0.235,0.539,0.385,0.062,0.223,0.689,0.279,1.9
2008,colonia,grandes,14,0,0,0.919,0.091,0.223,0.641,0.695,0.479,0.616,0.455,0.121,0.376,0.795,0.272,5
2008,colonia,medianas,115,0,1,0.919,0.091,0.223,0.641,0.695,0.479,0.616,0.455,0.121,0.376,0.795,0.272,5
2008,colonia,micro,3563,0,321,0.919,0.091,0.223,0.641,0.695,0.479,0.616,0.455,0.121,0.376,0.795,0.272,5
2008,colonia,pequeñas,750,0,26,0.919,0.091,0.223,0.641,0.695,0.479,0.616,0.455,0.121,0.376,0.795,0.272,5
2008,durazno,grandes,2,0,0,0.832,0.095,0.183,0.462,0.497,0.415,0.643,0.479,0.076,0.216,0.739,0.345,1.3
2008,durazno,medianas,33,0,1,0.832,0.095,0.183,0.462,0.497,0.415,0.643,0.479,0.076,0.216,0.739,0.345,1.3
2008,durazno,micro,1402,0,170,0.832,0.095,0.183,0.462,0.497,0.415,0.643,0.479,0.076,0.216,0.739,0.345,1.3
2008,durazno,pequeñas,215,0,10,0.832,0.095,0.183,0.462,0.497,0.415,0.643,0.479,0.076,0.216,0.739,0.345,1.3
2008,flores,grandes,5,0,0,0.889,0.106,0.215,0.501,0.759,0.45,0.648,0.539,0.107,0.364,0.733,0.183,0.8
2008,flores,medianas,11,0,0,0.889,0.106,0.215,0.501,0.759,0.45,0.648,0.539,0.107,0.364,0.733,0.183,0.8
2008,flores,micro,893,0,94,0.889,0.106,0.215,0.501,0.759,0.45,0.648,0.539,0.107,0.364,0.733,0.183,0.8
2008,flores,pequeñas,115,0,7,0.889,0.106,0.215,0.501,0.759,0.45,0.648,0.539,0.107,0.364,0.733,0.183,0.8
2008,florida,grandes,4,0,0,0.869,0.127,0.185,0.586,0.532,0.41,0.886,0.516,0.078,0.329,0.557,0.437,2
2008,florida,medianas,56,0,3,0.869,0.127,0.185,0.586,0.532,0.41,0.886,0.516,0.078,0.329,0.557,0.437,2
2008,florida,micro,2038,0,220,0.869,0.127,0.185,0.586,0.532,0.41,0.886,0.516,0.078,0.329,0.557,0.437,2
2008,florida,pequeñas,317,0,6,0.869,0.127,0.185,0.586,0.532,0.41,0.886,0.516,0.078,0.329,0.557,0.437,2
2008,lavalleja,grandes,6,0,0,0.904,0.162,0.2,0.405,0.7,0.488,0.48,0.546,0.072,0.269,0.704,0.329,1.7
2008,lavalleja,medianas,39,0,1,0.904,0.162,0.2,0.405,0.7,0.488,0.48,0.546,0.072,0.269,0.704,0.329,1.7
2008,lavalleja,micro,1700,0,265,0.904,0.162,0.2,0.405,0.7,0.488,0.48,0.546,0.072,0.269,0.704,0.329,1.7
2008,lavalleja,pequeñas,256,0,18,0.904,0.162,0.2,0.405,0.7,0.488,0.48,0.546,0.072,0.269,0.704,0.329,1.7
2008,maldonado,grandes,19,0,0,0.91,0.086,0.214,0.501,0.811,0.513,0.705,0.576,0.135,0.371,0.678,0.337,5.2
2008,maldonado,medianas,231,0,10,0.91,0.086,0.214,0.501,0.811,0.513,0.705,0.576,0.135,0.371,0.678,0.337,5.2
2008,maldonado,micro,6138,0,795,0.91,0.086,0.214,0.501,0.811,0.513,0.705,0.576,0.135,0.371,0.678,0.337,5.2
2008,maldonado,pequeñas,1361,0,80,0.91,0.086,0.214,0.501,0.811,0.513,0.705,0.576,0.135,0.371,0.678,0.337,5.2
2008,montevideo,grandes,531,0,5,0.938,0.585,0.501,0.265,0.546,0.573,0.654,0.288,0.265,0.79,0.657,0.71,49.8
2008,montevideo,medianas,2777,0,52,0.938,0.585,0.501,0.265,0.546,0.573,0.654,0.288,0.265,0.79,0.657,0.71,49.8
2008,montevideo,micro,54371,0,6252,0.938,0.585,0.501,0.265,0.546,0.573,0.654,0.288,0.265,0.79,0.657,0.71,49.8
2008,montevideo,pequeñas,12510,0,476,0.938,0.585,0.501,0.265,0.546,0.573,0.654,0.288,0.265,0.79,0.657,0.71,49.8
2008,paysandu,grandes,13,0,0,0.926,0.164,0.241,0.524,0.564,0.479,0.51,0.395,0.096,0.262,0.628,0.365,2.8
2008,paysandu,medianas,90,0,0,0.926,0.164,0.241,0.524,0.564,0.479,0.51,0.395,0.096,0.262,0.628,0.365,2.8
2008,paysandu,micro,2268,0,243,0.926,0.164,0.241,0.524,0.564,0.479,0.51,0.395,0.096,0.262,0.628,0.365,2.8
2008,paysandu,pequeñas,580,0,25,0.926,0.164,0.241,0.524,0.564,0.479,0.51,0.395,0.096,0.262,0.628,0.365,2.8
2008,rio negro,grandes,4,0,0,0.877,0.137,0.234,0.538,0.606,0.503,0.734,0.415,0.126,0.342,0.446,0.395,3.2
2008,rio negro,medianas,26,0,3,0.877,0.137,0.234,0.538,0.606,0.503,0.734,0.415,0.126,0.342,0.446,0.395,3.2
2008,rio negro,micro,1395,0,194,0.877,0.137,0.234,0.538,0.606,0.503,0.734,0.415,0.126,0.342,0.446,0.395,3.2
2008,rio negro,pequeñas,266,0,22,0.877,0.137,0.234,0.538,0.606,0.503,0.734,0.415,0.126,0.342,0.446,0.395,3.2
2008,rivera,grandes,5,0,0,0.758,0.069,0.141,0.384,0.374,0.148,0.707,0.492,0.044,0.127,0.555,0.295,2.1
2008,rivera,medianas,51,0,3,0.758,0.069,0.141,0.384,0.374,0.148,0.707,0.492,0.044,0.127,0.555,0.295,2.1
2008,rivera,micro,1939,0,282,0.758,0.069,0.141,0.384,0.374,0.148,0.707,0.492,0.044,0.127,0.555,0.295,2.1
2008,rivera,pequeñas,343,0,19,0.758,0.069,0.141,0.384,0.374,0.148,0.707,0.492,0.044,0.127,0.555,0.295,2.1
2008,rocha,grandes,2,0,0,0.897,0.161,0.241,0.441,0.635,0.42,0.605,0.465,0.088,0.325,0.578,0.094,1.8
2008,rocha,medianas,39,0,0,0.897,0.161,0.241,0.441,0.635,0.42,0.605,0.465,0.088,0.325,0.578,0.094,1.8
2008,rocha,micro,2254,0,280,0.897,0.161,0.241,0.441,0.635,0.42,0.605,0.465,0.088,0.325,0.578,0.094,1.8
2008,rocha,pequeñas,356,0,35,0.897,0.161,0.241,0.441,0.635,0.42,0.605,0.465,0.088,0.325,0.578,0.094,1.8
2008,salto,grandes,11,0,0,0.856,0.18,0.233,0.526,0.516,0.39,0.697,0.425,0.086,0.204,0.73,0.282,2.8
2008,salto,medianas,84,0,1,0.856,0.18,0.233,0.526,0.516,0.39,0.697,0.425,0.086,0.204,0.73,0.282,2.8
2008,salto,micro,2163,0,273,0.856,0.18,0.233,0.526,0.516,0.39,0.697,0.425,0.086,0.204,0.73,0.282,2.8
2008,salto,pequeñas,452,0,18,0.856,0.18,0.233,0.526,0.516,0.39,0.697,0.425,0.086,0.204,0.73,0.282,2.8
2008,san jose,grandes,11,0,1,0.871,0.058,0.154,0.479,0.701,0.381,0.748,0.566,0.087,0.409,0.706,0.783,3
2008,san jose,medianas,56,0,0,0.871,0.058,0.154,0.479,0.701,0.381,0.748,0.566,0.087,0.409,0.706,0.783,3
2008,san jose,micro,2669,0,287,0.871,0.058,0.154,0.479,0.701,0.381,0.748,0.566,0.087,0.409,0.706,0.783,3
2008,san jose,pequeñas,424,0,9,0.871,0.058,0.154,0.479,0.701,0.381,0.748,0.566,0.087,0.409,0.706,0.783,3
2008,soriano,grandes,5,0,0,0.883,0.164,0.222,0.625,0.611,0.362,0.691,0.322,0.126,0.378,0.68,0.451,2.3
2008,soriano,medianas,52,0,0,0.883,0.164,0.222,0.625,0.611,0.362,0.691,0.322,0.126,0.378,0.68,0.451,2.3
2008,soriano,micro,2253,0,244,0.883,0.164,0.222,0.625,0.611,0.362,0.691,0.322,0.126,0.378,0.68,0.451,2.3
2008,soriano,pequeñas,393,0,11,0.883,0.164,0.222,0.625,0.611,0.362,0.691,0.322,0.126,0.378,0.68,0.451,2.3
2008,tacuarembo,grandes,5,0,0,0.813,0.131,0.196,0.489,0.48,0.362,0.678,0.379,0.058,0.237,0.71,0.236,2.1
2008,tacuarembo,medianas,38,0,1,0.813,0.131,0.196,0.489,0.48,0.362,0.678,0.379,0.058,0.237,0.71,0.236,2.1
2008,tacuarembo,micro,2020,0,266,0.813,0.131,0.196,0.489,0.48,0.362,0.678,0.379,0.058,0.237,0.71,0.236,2.1
2008,tacuarembo,pequeñas,326,0,11,0.813,0.131,0.196,0.489,0.48,0.362,0.678,0.379,0.058,0.237,0.71,0.236,2.1
2008,treinta y tres,grandes,4,0,0,0.853,0.139,0.228,0.402,0.4,0.4,0.422,0.362,0.043,0.196,0.597,0.009,1.4
2008,treinta y tres,medianas,20,0,2,0.853,0.139,0.228,0.402,0.4,0.4,0.422,0.362,0.043,0.196,0.597,0.009,1.4
2008,treinta y tres,micro,1196,0,147,0.853,0.139,0.228,0.402,0.4,0.4,0.422,0.362,0.043,0.196,0.597,0.009,1.4
2008,treinta y tres,pequeñas,178,0,9,0.853,0.139,0.228,0.402,0.4,0.4,0.422,0.362,0.043,0.196,0.597,0.009,1.4
2009,artigas,grandes,1,0,0,0.814,0.12,0.28,0.557,0.386,0.254,0.708,0.405,0.075,0.13,0.617,0.431,1.4
2009,artigas,medianas,27,1,0,0.814,0.12,0.28,0.557,0.386,0.254,0.708,0.405,0.075,0.13,0.617,0.431,1.4
2009,artigas,micro,1456,259,228,0.814,0.12,0.28,0.557,0.386,0.254,0.708,0.405,0.075,0.13,0.617,0.431,1.4
2009,artigas,pequeñas,245,15,10,0.814,0.12,0.28,0.557,0.386,0.254,0.708,0.405,0.075,0.13,0.617,0.431,1.4
2009,canelones,grandes,40,0,1,0.92,0.226,0.345,0.399,0.729,0.475,0.638,0.462,0.228,0.331,0.661,0.418,9.3
2009,canelones,medianas,360,17,15,0.92,0.226,0.345,0.399,0.729,0.475,0.638,0.462,0.228,0.331,0.661,0.418,9.3
2009,canelones,micro,12574,2674,2019,0.92,0.226,0.345,0.399,0.729,0.475,0.638,0.462,0.228,0.331,0.661,0.418,9.3
2009,canelones,pequeñas,1942,96,82,0.92,0.226,0.345,0.399,0.729,0.475,0.638,0.462,0.228,0.331,0.661,0.418,9.3
2009,cerro largo,grandes,5,0,0,0.777,0.156,0.242,0.499,0.552,0.296,0.589,0.432,0.107,0.213,0.744,0.269,1.8
2009,cerro largo,medianas,44,2,2,0.777,0.156,0.242,0.499,0.552,0.296,0.589,0.432,0.107,0.213,0.744,0.269,1.8
2009,cerro largo,micro,1686,347,290,0.777,0.156,0.242,0.499,0.552,0.296,0.589,0.432,0.107,0.213,0.744,0.269,1.8
2009,cerro largo,pequeñas,296,16,12,0.777,0.156,0.242,0.499,0.552,0.296,0.589,0.432,0.107,0.213,0.744,0.269,1.8
2009,colonia,grandes,17,2,2,0.889,0.152,0.323,0.644,0.8,0.499,0.601,0.442,0.177,0.395,0.868,0.26,5.2
2009,colonia,medianas,120,1,1,0.889,0.152,0.323,0.644,0.8,0.499,0.601,0.442,0.177,0.395,0.868,0.26,5.2
2009,colonia,micro,4717,897,680,0.889,0.152,0.323,0.644,0.8,0.499,0.601,0.442,0.177,0.395,0.868,0.26,5.2
2009,colonia,pequeñas,813,54,44,0.889,0.152,0.323,0.644,0.8,0.499,0.601,0.442,0.177,0.395,0.868,0.26,5.2
2009,durazno,grandes,3,0,0,0.835,0.153,0.288,0.397,0.64,0.436,0.617,0.439,0.145,0.27,0.696,0.287,1.3
2009,durazno,medianas,32,1,2,0.835,0.153,0.288,0.397,0.64,0.436,0.617,0.439,0.145,0.27,0.696,0.287,1.3
2009,durazno,micro,1630,375,263,0.835,0.153,0.288,0.397,0.64,0.436,0.617,0.439,0.145,0.27,0.696,0.287,1.3
2009,durazno,pequeñas,231,12,10,0.835,0.153,0.288,0.397,0.64,0.436,0.617,0.439,0.145,0.27,0.696,0.287,1.3
2009,flores,grandes,4,0,0,0.934,0.156,0.289,0.475,0.829,0.46,0.683,0.509,0.146,0.355,0.818,0.183,0.8
2009,flores,medianas,15,1,2,0.934,0.156,0.289,0.475,0.829,0.46,0.683,0.509,0.146,0.355,0.818,0.183,0.8
2009,flores,micro,1046,242,177,0.934,0.156,0.289,0.475,0.829,0.46,0.683,0.509,0.146,0.355,0.818,0.183,0.8
2009,flores,pequeñas,130,9,7,0.934,0.156,0.289,0.475,0.829,0.46,0.683,0.509,0.146,0.355,0.818,0.183,0.8
2009,florida,grandes,4,0,0,0.875,0.151,0.243,0.574,0.697,0.446,0.647,0.526,0.105,0.347,0.67,0.402,1.9
2009,florida,medianas,55,1,3,0.875,0.151,0.243,0.574,0.697,0.446,0.647,0.526,0.105,0.347,0.67,0.402,1.9
2009,florida,micro,2322,477,394,0.875,0.151,0.243,0.574,0.697,0.446,0.647,0.526,0.105,0.347,0.67,0.402,1.9
2009,florida,pequeñas,321,16,11,0.875,0.151,0.243,0.574,0.697,0.446,0.647,0.526,0.105,0.347,0.67,0.402,1.9
2009,lavalleja,grandes,5,0,0,0.857,0.128,0.254,0.345,0.729,0.452,0.695,0.499,0.118,0.28,0.652,0.291,1.6
2009,lavalleja,medianas,45,0,1,0.857,0.128,0.254,0.345,0.729,0.452,0.695,0.499,0.118,0.28,0.652,0.291,1.6
2009,lavalleja,micro,1784,287,318,0.857,0.128,0.254,0.345,0.729,0.452,0.695,0.499,0.118,0.28,0.652,0.291,1.6
2009,lavalleja,pequeñas,254,19,9,0.857,0.128,0.254,0.345,0.729,0.452,0.695,0.499,0.118,0.28,0.652,0.291,1.6
2009,maldonado,grandes,22,2,1,0.937,0.228,0.423,0.523,0.888,0.551,0.699,0.359,0.306,0.565,0.684,0.282,5.4
2009,maldonado,medianas,257,20,12,0.937,0.228,0.423,0.523,0.888,0.551,0.699,0.359,0.306,0.565,0.684,0.282,5.4
2009,maldonado,micro,7188,1717,1310,0.937,0.228,0.423,0.523,0.888,0.551,0.699,0.359,0.306,0.565,0.684,0.282,5.4
2009,maldonado,pequeñas,1519,152,133,0.937,0.228,0.423,0.523,0.888,0.551,0.699,0.359,0.306,0.565,0.684,0.282,5.4
2009,montevideo,grandes,548,10,20,0.946,0.611,0.52,0.219,0.581,0.595,0.692,0.295,0.355,0.788,0.656,0.738,51.1
2009,montevideo,medianas,2832,86,66,0.946,0.611,0.52,0.219,0.581,0.595,0.692,0.295,0.355,0.788,0.656,0.738,51.1
2009,montevideo,micro,59264,10457,8859,0.946,0.611,0.52,0.219,0.581,0.595,0.692,0.295,0.355,0.788,0.656,0.738,51.1
2009,montevideo,pequeñas,12560,640,512,0.946,0.611,0.52,0.219,0.581,0.595,0.692,0.295,0.355,0.788,0.656,0.738,51.1
2009,paysandu,grandes,13,0,0,0.88,0.232,0.342,0.508,0.586,0.5,0.642,0.402,0.169,0.264,0.615,0.509,2.9
2009,paysandu,medianas,99,1,1,0.88,0.232,0.342,0.508,0.586,0.5,0.642,0.402,0.169,0.264,0.615,0.509,2.9
2009,paysandu,micro,3177,704,542,0.88,0.232,0.342,0.508,0.586,0.5,0.642,0.402,0.169,0.264,0.615,0.509,2.9
2009,paysandu,pequeñas,602,42,22,0.88,0.232,0.342,0.508,0.586,0.5,0.642,0.402,0.169,0.264,0.615,0.509,2.9
2009,rio negro,grandes,4,0,0,0.841,0.14,0.303,0.456,0.68,0.488,0.788,0.449,0.168,0.247,0.547,0.361,2.3
2009,rio negro,medianas,33,4,3,0.841,0.14,0.303,0.456,0.68,0.488,0.788,0.449,0.168,0.247,0.547,0.361,2.3
2009,rio negro,micro,1509,308,266,0.841,0.14,0.303,0.456,0.68,0.488,0.788,0.449,0.168,0.247,0.547,0.361,2.3
2009,rio negro,pequeñas,278,21,15,0.841,0.14,0.303,0.456,0.68,0.488,0.788,0.449,0.168,0.247,0.547,0.361,2.3
2009,rivera,grandes,5,0,0,0.794,0.171,0.258,0.357,0.567,0.158,0.578,0.432,0.108,0.216,0.657,0.295,2
2009,rivera,medianas,53,3,1,0.794,0.171,0.258,0.357,0.567,0.158,0.578,0.432,0.108,0.216,0.657,0.295,2
2009,rivera,micro,2122,457,373,0.794,0.171,0.258,0.357,0.567,0.158,0.578,0.432,0.108,0.216,0.657,0.295,2
2009,rivera,pequeñas,362,21,25,0.794,0.171,0.258,0.357,0.567,0.158,0.578,0.432,0.108,0.216,0.657,0.295,2
2009,rocha,grandes,3,0,0,0.844,0.081,0.258,0.429,0.653,0.319,0.717,0.469,0.127,0.26,0.594,0.094,1.8
2009,rocha,medianas,43,2,3,0.844,0.081,0.258,0.429,0.653,0.319,0.717,0.469,0.127,0.26,0.594,0.094,1.8
2009,rocha,micro,2778,822,583,0.844,0.081,0.258,0.429,0.653,0.319,0.717,0.469,0.127,0.26,0.594,0.094,1.8
2009,rocha,pequeñas,443,56,46,0.844,0.081,0.258,0.429,0.653,0.319,0.717,0.469,0.127,0.26,0.594,0.094,1.8
2009,salto,grandes,11,0,0,0.862,0.246,0.331,0.471,0.583,0.363,0.615,0.318,0.15,0.244,0.664,0.274,2.8
2009,salto,medianas,93,3,4,0.862,0.246,0.331,0.471,0.583,0.363,0.615,0.318,0.15,0.244,0.664,0.274,2.8
2009,salto,micro,2429,496,379,0.862,0.246,0.331,0.471,0.583,0.363,0.615,0.318,0.15,0.244,0.664,0.274,2.8
2009,salto,pequeñas,455,23,18,0.862,0.246,0.331,0.471,0.583,0.363,0.615,0.318,0.15,0.244,0.664,0.274,2.8
2009,san jose,grandes,9,1,1,0.896,0.069,0.245,0.475,0.778,0.446,0.539,0.653,0.133,0.288,0.79,0.728,2.8
2009,san jose,medianas,67,1,2,0.896,0.069,0.245,0.475,0.778,0.446,0.539,0.653,0.133,0.288,0.79,0.728,2.8
2009,san jose,micro,3033,612,461,0.896,0.069,0.245,0.475,0.778,0.446,0.539,0.653,0.133,0.288,0.79,0.728,2.8
2009,san jose,pequeñas,452,24,22,0.896,0.069,0.245,0.475,0.778,0.446,0.539,0.653,0.133,0.288,0.79,0.728,2.8
2009,soriano,grandes,5,0,0,0.904,0.132,0.304,0.554,0.655,0.38,0.669,0.392,0.154,0.317,0.658,0.397,2.4
2009,soriano,medianas,60,0,2,0.904,0.132,0.304,0.554,0.655,0.38,0.669,0.392,0.154,0.317,0.658,0.397,2.4
2009,soriano,micro,2595,552,356,0.904,0.132,0.304,0.554,0.655,0.38,0.669,0.392,0.154,0.317,0.658,0.397,2.4
2009,soriano,pequeñas,405,27,17,0.904,0.132,0.304,0.554,0.655,0.38,0.669,0.392,0.154,0.317,0.658,0.397,2.4
2009,tacuarembo,grandes,6,0,0,0.799,0.144,0.224,0.46,0.556,0.36,0.749,0.409,0.09,0.199,0.718,0.253,1.9
2009,tacuarembo,medianas,41,0,0,0.799,0.144,0.224,0.46,0.556,0.36,0.749,0.409,0.09,0.199,0.718,0.253,1.9
2009,tacuarembo,micro,2308,532,365,0.799,0.144,0.224,0.46,0.556,0.36,0.749,0.409,0.09,0.199,0.718,0.253,1.9
2009,tacuarembo,pequeñas,334,12,11,0.799,0.144,0.224,0.46,0.556,0.36,0.749,0.409,0.09,0.199,0.718,0.253,1.9
2009,treinta y tres,grandes,4,0,0,0.912,0.218,0.322,0.39,0.555,0.444,0.722,0.429,0.119,0.083,0.614,0.191,1.3
2009,treinta y tres,medianas,17,0,0,0.912,0.218,0.322,0.39,0.555,0.444,0.722,0.429,0.119,0.083,0.614,0.191,1.3
2009,treinta y tres,micro,1321,269,238,0.912,0.218,0.322,0.39,0.555,0.444,0.722,0.429,0.119,0.083,0.614,0.191,1.3
2009,treinta y tres,pequeñas,208,21,10,0.912,0.218,0.322,0.39,0.555,0.444,0.722,0.429,0.119,0.083,0.614,0.191,1.3
2010,artigas,grandes,1,0,0,0.798,0.114,0.258,0.643,0.347,0.268,0.664,0.432,0.146,0.197,0.642,0.525,1.4
2010,artigas,medianas,28,1,1,0.798,0.114,0.258,0.643,0.347,0.268,0.664,0.432,0.146,0.197,0.642,0.525,1.4
2010,artigas,micro,1598,367,223,0.798,0.114,0.258,0.643,0.347,0.268,0.664,0.432,0.146,0.197,0.642,0.525,1.4
2010,artigas,pequeñas,240,10,7,0.798,0.114,0.258,0.643,0.347,0.268,0.664,0.432,0.146,0.197,0.642,0.525,1.4
2010,canelones,grandes,41,0,0,0.891,0.234,0.336,0.392,0.754,0.474,0.628,0.516,0.282,0.337,0.692,0.414,9.4
2010,canelones,medianas,384,17,7,0.891,0.234,0.336,0.392,0.754,0.474,0.628,0.516,0.282,0.337,0.692,0.414,9.4
2010,canelones,micro,13532,2893,2023,0.891,0.234,0.336,0.392,0.754,0.474,0.628,0.516,0.282,0.337,0.692,0.414,9.4
2010,canelones,pequeñas,1928,121,104,0.891,0.234,0.336,0.392,0.754,0.474,0.628,0.516,0.282,0.337,0.692,0.414,9.4
2010,cerro largo,grandes,5,0,0,0.82,0.118,0.234,0.478,0.565,0.201,0.599,0.536,0.146,0.18,0.742,0.235,1.8
2010,cerro largo,medianas,52,3,1,0.82,0.118,0.234,0.478,0.565,0.201,0.599,0.536,0.146,0.18,0.742,0.235,1.8
2010,cerro largo,micro,1811,408,247,0.82,0.118,0.234,0.478,0.565,0.201,0.599,0.536,0.146,0.18,0.742,0.235,1.8
2010,cerro largo,pequeñas,287,16,13,0.82,0.118,0.234,0.478,0.565,0.201,0.599,0.536,0.146,0.18,0.742,0.235,1.8
2010,colonia,grandes,17,0,0,0.91,0.168,0.33,0.653,0.851,0.543,0.495,0.569,0.26,0.503,0.856,0.543,4.7
2010,colonia,medianas,132,1,0,0.91,0.168,0.33,0.653,0.851,0.543,0.495,0.569,0.26,0.503,0.856,0.543,4.7
2010,colonia,micro,4937,854,665,0.91,0.168,0.33,0.653,0.851,0.543,0.495,0.569,0.26,0.503,0.856,0.543,4.7
2010,colonia,pequeñas,775,54,28,0.91,0.168,0.33,0.653,0.851,0.543,0.495,0.569,0.26,0.503,0.856,0.543,4.7
2010,durazno,grandes,3,0,0,0.868,0.106,0.26,0.397,0.622,0.427,0.707,0.479,0.15,0.366,0.569,0.321,1.3
2010,durazno,medianas,32,1,0,0.868,0.106,0.26,0.397,0.622,0.427,0.707,0.479,0.15,0.366,0.569,0.321,1.3
2010,durazno,micro,1690,315,244,0.868,0.106,0.26,0.397,0.622,0.427,0.707,0.479,0.15,0.366,0.569,0.321,1.3
2010,durazno,pequeñas,222,8,8,0.868,0.106,0.26,0.397,0.622,0.427,0.707,0.479,0.15,0.366,0.569,0.321,1.3
2010,flores,grandes,4,0,0,0.899,0.187,0.302,0.534,0.848,0.471,0.426,0.566,0.25,0.254,0.805,0.15,0.7
2010,flores,medianas,17,1,1,0.899,0.187,0.302,0.534,0.848,0.471,0.426,0.566,0.25,0.254,0.805,0.15,0.7
2010,flores,micro,1085,215,176,0.899,0.187,0.302,0.534,0.848,0.471,0.426,0.566,0.25,0.254,0.805,0.15,0.7
2010,flores,pequeñas,126,6,6,0.899,0.187,0.302,0.534,0.848,0.471,0.426,0.566,0.25,0.254,0.805,0.15,0.7
2010,florida,grandes,5,0,0,0.814,0.158,0.248,0.575,0.744,0.469,0.498,0.549,0.164,0.512,0.646,0.377,1.8
2010,florida,medianas,51,1,0,0.814,0.158,0.248,0.575,0.744,0.469,0.498,0.549,0.164,0.512,0.646,0.377,1.8
2010,florida,micro,2337,395,325,0.814,0.158,0.248,0.575,0.744,0.469,0.498,0.549,0.164,0.512,0.646,0.377,1.8
2010,florida,pequeñas,322,22,13,0.814,0.158,0.248,0.575,0.744,0.469,0.498,0.549,0.164,0.512,0.646,0.377,1.8
2010,lavalleja,grandes,6,0,1,0.841,0.104,0.263,0.382,0.729,0.426,0.652,0.475,0.167,0.385,0.814,0.261,1.6
2010,lavalleja,medianas,47,3,0,0.841,0.104,0.263,0.382,0.729,0.426,0.652,0.475,0.167,0.385,0.814,0.261,1.6
2010,lavalleja,micro,1779,302,224,0.841,0.104,0.263,0.382,0.729,0.426,0.652,0.475,0.167,0.385,0.814,0.261,1.6
2010,lavalleja,pequeñas,245,16,2,0.841,0.104,0.263,0.382,0.729,0.426,0.652,0.475,0.167,0.385,0.814,0.261,1.6
2010,maldonado,grandes,18,0,1,0.927,0.189,0.385,0.523,0.872,0.518,0.558,0.572,0.328,0.552,0.787,0.457,5.5
2010,maldonado,medianas,279,18,9,0.927,0.189,0.385,0.523,0.872,0.518,0.558,0.572,0.328,0.552,0.787,0.457,5.5
2010,maldonado,micro,7658,1741,1249,0.927,0.189,0.385,0.523,0.872,0.518,0.558,0.572,0.328,0.552,0.787,0.457,5.5
2010,maldonado,pequeñas,1471,120,104,0.927,0.189,0.385,0.523,0.872,0.518,0.558,0.572,0.328,0.552,0.787,0.457,5.5
2010,montevideo,grandes,549,5,4,0.943,0.647,0.544,0.202,0.626,0.624,0.651,0.328,0.443,0.695,0.703,0.698,51
2010,montevideo,medianas,2959,63,57,0.943,0.647,0.544,0.202,0.626,0.624,0.651,0.328,0.443,0.695,0.703,0.698,51
2010,montevideo,micro,61636,10617,8562,0.943,0.647,0.544,0.202,0.626,0.624,0.651,0.328,0.443,0.695,0.703,0.698,51
2010,montevideo,pequeñas,11782,592,475,0.943,0.647,0.544,0.202,0.626,0.624,0.651,0.328,0.443,0.695,0.703,0.698,51
2010,paysandu,grandes,14,0,0,0.917,0.172,0.311,0.482,0.742,0.518,0.63,0.442,0.198,0.391,0.76,0.469,2.7
2010,paysandu,medianas,96,0,0,0.917,0.172,0.311,0.482,0.742,0.518,0.63,0.442,0.198,0.391,0.76,0.469,2.7
2010,paysandu,micro,3305,649,459,0.917,0.172,0.311,0.482,0.742,0.518,0.63,0.442,0.198,0.391,0.76,0.469,2.7
2010,paysandu,pequeñas,588,26,26,0.917,0.172,0.311,0.482,0.742,0.518,0.63,0.442,0.198,0.391,0.76,0.469,2.7
2010,rio negro,grandes,4,0,0,0.868,0.102,0.265,0.471,0.762,0.565,0.687,0.365,0.235,0.332,0.53,0.338,2.9
2010,rio negro,medianas,32,2,0,0.868,0.102,0.265,0.471,0.762,0.565,0.687,0.365,0.235,0.332,0.53,0.338,2.9
2010,rio negro,micro,1633,373,239,0.868,0.102,0.265,0.471,0.762,0.565,0.687,0.365,0.235,0.332,0.53,0.338,2.9
2010,rio negro,pequeñas,262,18,14,0.868,0.102,0.265,0.471,0.762,0.565,0.687,0.365,0.235,0.332,0.53,0.338,2.9
2010,rivera,grandes,7,0,0,0.794,0.158,0.253,0.316,0.631,0.187,0.486,0.459,0.169,0.267,0.849,0.832,2.2
2010,rivera,medianas,58,1,0,0.794,0.158,0.253,0.316,0.631,0.187,0.486,0.459,0.169,0.267,0.849,0.832,2.2
2010,rivera,micro,2220,469,356,0.794,0.158,0.253,0.316,0.631,0.187,0.486,0.459,0.169,0.267,0.849,0.832,2.2
2010,rivera,pequeñas,356,21,14,0.794,0.158,0.253,0.316,0.631,0.187,0.486,0.459,0.169,0.267,0.849,0.832,2.2
2010,rocha,grandes,5,1,0,0.847,0.119,0.265,0.43,0.734,0.332,0.552,0.589,0.184,0.695,0.668,0.304,1.8
2010,rocha,medianas,51,1,2,0.847,0.119,0.265,0.43,0.734,0.332,0.552,0.589,0.184,0.695,0.668,0.304,1.8
2010,rocha,micro,2986,776,562,0.847,0.119,0.265,0.43,0.734,0.332,0.552,0.589,0.184,0.695,0.668,0.304,1.8
2010,rocha,pequeñas,426,46,50,0.847,0.119,0.265,0.43,0.734,0.332,0.552,0.589,0.184,0.695,0.668,0.304,1.8
2010,salto,grandes,12,0,0,0.86,0.137,0.289,0.45,0.597,0.392,0.683,0.469,0.219,0.227,0.535,0.251,2.8
2010,salto,medianas,95,1,0,0.86,0.137,0.289,0.45,0.597,0.392,0.683,0.469,0.219,0.227,0.535,0.251,2.8
2010,salto,micro,2547,486,344,0.86,0.137,0.289,0.45,0.597,0.392,0.683,0.469,0.219,0.227,0.535,0.251,2.8
2010,salto,pequeñas,448,28,19,0.86,0.137,0.289,0.45,0.597,0.392,0.683,0.469,0.219,0.227,0.535,0.251,2.8
2010,san jose,grandes,8,0,0,0.922,0.095,0.272,0.419,0.782,0.534,0.716,0.582,0.244,0.342,0.637,0.685,3
2010,san jose,medianas,72,2,2,0.922,0.095,0.272,0.419,0.782,0.534,0.716,0.582,0.244,0.342,0.637,0.685,3
2010,san jose,micro,3204,615,434,0.922,0.095,0.272,0.419,0.782,0.534,0.716,0.582,0.244,0.342,0.637,0.685,3
2010,san jose,pequeñas,433,22,18,0.922,0.095,0.272,0.419,0.782,0.534,0.716,0.582,0.244,0.342,0.637,0.685,3
2010,soriano,grandes,7,0,0,0.881,0.141,0.292,0.537,0.73,0.373,0.512,0.409,0.221,0.511,0.804,0.379,2.2
2010,soriano,medianas,66,1,0,0.881,0.141,0.292,0.537,0.73,0.373,0.512,0.409,0.221,0.511,0.804,0.379,2.2
2010,soriano,micro,2697,446,365,0.881,0.141,0.292,0.537,0.73,0.373,0.512,0.409,0.221,0.511,0.804,0.379,2.2
2010,soriano,pequeñas,387,23,21,0.881,0.141,0.292,0.537,0.73,0.373,0.512,0.409,0.221,0.511,0.804,0.379,2.2
2010,tacuarembo,grandes,7,0,0,0.82,0.129,0.231,0.488,0.629,0.359,0.586,0.429,0.13,0.214,0.69,0.277,2
2010,tacuarembo,medianas,38,1,0,0.82,0.129,0.231,0.488,0.629,0.359,0.586,0.429,0.13,0.214,0.69,0.277,2
2010,tacuarembo,micro,2473,521,395,0.82,0.129,0.231,0.488,0.629,0.359,0.586,0.429,0.13,0.214,0.69,0.277,2
2010,tacuarembo,pequeñas,327,13,8,0.82,0.129,0.231,0.488,0.629,0.359,0.586,0.429,0.13,0.214,0.69,0.277,2
2010,treinta y tres,grandes,5,0,0,0.845,0.222,0.323,0.265,0.646,0.467,0.727,0.462,0.197,0.292,0.581,0.173,1.3
2010,treinta y tres,medianas,16,1,0,0.845,0.222,0.323,0.265,0.646,0.467,0.727,0.462,0.197,0.292,0.581,0.173,1.3
2010,treinta y tres,micro,1353,262,190,0.845,0.222,0.323,0.265,0.646,0.467,0.727,0.462,0.197,0.292,0.581,0.173,1.3
2010,treinta y tres,pequeñas,204,12,10,0.845,0.222,0.323,0.265,0.646,0.467,0.727,0.462,0.197,0.292,0.581,0.173,1.3
2011,artigas,grandes,2,0,0,0.787,0.158,0.301,0.627,0.618,0.333,0.721,0.475,0.285,0.194,0.605,0.452,1.5
2011,artigas,medianas,32,0,1,0.787,0.158,0.301,0.627,0.618,0.333,0.721,0.475,0.285,0.194,0.605,0.452,1.5
2011,artigas,micro,1644,311,254,0.787,0.158,0.301,0.627,0.618,0.333,0.721,0.475,0.285,0.194,0.605,0.452,1.5
2011,artigas,pequeñas,283,11,11,0.787,0.158,0.301,0.627,0.618,0.333,0.721,0.475,0.285,0.194,0.605,0.452,1.5
2011,canelones,grandes,44,2,1,0.905,0.193,0.339,0.365,0.826,0.511,0.606,0.572,0.365,0.347,0.75,0.394,9.3
2011,canelones,medianas,417,10,10,0.905,0.193,0.339,0.365,0.826,0.511,0.606,0.572,0.365,0.347,0.75,0.394,9.3
2011,canelones,micro,14128,2887,2289,0.905,0.193,0.339,0.365,0.826,0.511,0.606,0.572,0.365,0.347,0.75,0.394,9.3
2011,canelones,pequeñas,2261,126,94,0.905,0.193,0.339,0.365,0.826,0.511,0.606,0.572,0.365,0.347,0.75,0.394,9.3
2011,cerro largo,grandes,7,0,0,0.861,0.125,0.261,0.456,0.651,0.19,0.348,0.632,0.231,0.146,0.975,0.165,1.8
2011,cerro largo,medianas,54,3,0,0.861,0.125,0.261,0.456,0.651,0.19,0.348,0.632,0.231,0.146,0.975,0.165,1.8
2011,cerro largo,micro,1911,385,307,0.861,0.125,0.261,0.456,0.651,0.19,0.348,0.632,0.231,0.146,0.975,0.165,1.8
2011,cerro largo,pequeñas,330,16,12,0.861,0.125,0.261,0.456,0.651,0.19,0.348,0.632,0.231,0.146,0.975,0.165,1.8
2011,colonia,grandes,18,2,2,0.925,0.142,0.359,0.684,0.949,0.618,0.561,0.686,0.343,0.392,0.928,0.503,4.7
2011,colonia,medianas,159,6,1,0.925,0.142,0.359,0.684,0.949,0.618,0.561,0.686,0.343,0.392,0.928,0.503,4.7
2011,colonia,micro,5069,946,690,0.925,0.142,0.359,0.684,0.949,0.618,0.561,0.686,0.343,0.392,0.928,0.503,4.7
2011,colonia,pequeñas,921,41,34,0.925,0.142,0.359,0.684,0.949,0.618,0.561,0.686,0.343,0.392,0.928,0.503,4.7
2011,durazno,grandes,4,1,0,0.859,0.146,0.307,0.416,0.798,0.495,0.688,0.576,0.284,0.296,0.578,0.271,1.4
2011,durazno,medianas,35,1,0,0.859,0.146,0.307,0.416,0.798,0.495,0.688,0.576,0.284,0.296,0.578,0.271,1.4
2011,durazno,micro,1736,321,277,0.859,0.146,0.307,0.416,0.798,0.495,0.688,0.576,0.284,0.296,0.578,0.271,1.4
2011,durazno,pequeñas,265,15,8,0.859,0.146,0.307,0.416,0.798,0.495,0.688,0.576,0.284,0.296,0.578,0.271,1.4
2011,flores,grandes,4,0,0,0.841,0.153,0.297,0.442,0.854,0.461,0.623,0.683,0.34,0.309,0.787,0.129,0.8
2011,flores,medianas,18,1,0,0.841,0.153,0.297,0.442,0.854,0.461,0.623,0.683,0.34,0.309,0.787,0.129,0.8
2011,flores,micro,1073,185,164,0.841,0.153,0.297,0.442,0.854,0.461,0.623,0.683,0.34,0.309,0.787,0.129,0.8
2011,flores,pequeñas,152,11,1,0.841,0.153,0.297,0.442,0.854,0.461,0.623,0.683,0.34,0.309,0.787,0.129,0.8
2011,florida,grandes,4,0,0,0.918,0.17,0.335,0.573,0.845,0.627,0.426,0.566,0.34,0.376,0.836,0.355,1.9
2011,florida,medianas,59,0,2,0.918,0.17,0.335,0.573,0.845,0.627,0.426,0.566,0.34,0.376,0.836,0.355,1.9
2011,florida,micro,2424,481,365,0.918,0.17,0.335,0.573,0.845,0.627,0.426,0.566,0.34,0.376,0.836,0.355,1.9
2011,florida,pequeñas,384,16,15,0.918,0.17,0.335,0.573,0.845,0.627,0.426,0.566,0.34,0.376,0.836,0.355,1.9
2011,lavalleja,grandes,7,1,0,0.879,0.145,0.291,0.383,0.827,0.531,0.609,0.579,0.281,0.389,0.775,0.263,1.7
2011,lavalleja,medianas,50,2,2,0.879,0.145,0.291,0.383,0.827,0.531,0.609,0.579,0.281,0.389,0.775,0.263,1.7
2011,lavalleja,micro,1770,267,263,0.879,0.145,0.291,0.383,0.827,0.531,0.609,0.579,0.281,0.389,0.775,0.263,1.7
2011,lavalleja,pequeñas,303,16,10,0.879,0.145,0.291,0.383,0.827,0.531,0.609,0.579,0.281,0.389,0.775,0.263,1.7
2011,maldonado,grandes,21,1,0,0.942,0.128,0.356,0.521,0.94,0.535,0.761,0.646,0.368,0.395,0.77,0.456,5.5
2011,maldonado,medianas,285,14,9,0.942,0.128,0.356,0.521,0.94,0.535,0.761,0.646,0.368,0.395,0.77,0.456,5.5
2011,maldonado,micro,7957,1762,1405,0.942,0.128,0.356,0.521,0.94,0.535,0.761,0.646,0.368,0.395,0.77,0.456,5.5
2011,maldonado,pequeñas,1735,132,129,0.942,0.128,0.356,0.521,0.94,0.535,0.761,0.646,0.368,0.395,0.77,0.456,5.5
2011,montevideo,grandes,602,10,9,0.953,0.613,0.589,0.168,0.713,0.691,0.703,0.409,0.548,0.77,0.749,0.756,50.3
2011,montevideo,medianas,3078,87,65,0.953,0.613,0.589,0.168,0.713,0.691,0.703,0.409,0.548,0.77,0.749,0.756,50.3
2011,montevideo,micro,63992,12502,9577,0.953,0.613,0.589,0.168,0.713,0.691,0.703,0.409,0.548,0.77,0.749,0.756,50.3
2011,montevideo,pequeñas,13285,653,526,0.953,0.613,0.589,0.168,0.713,0.691,0.703,0.409,0.548,0.77,0.749,0.756,50.3
2011,paysandu,grandes,14,0,0,0.923,0.194,0.378,0.459,0.841,0.513,0.571,0.602,0.336,0.291,0.77,0.428,2.9
2011,paysandu,medianas,110,3,3,0.923,0.194,0.378,0.459,0.841,0.513,0.571,0.602,0.336,0.291,0.77,0.428,2.9
2011,paysandu,micro,3419,636,540,0.923,0.194,0.378,0.459,0.841,0.513,0.571,0.602,0.336,0.291,0.77,0.428,2.9
2011,paysandu,pequeñas,650,32,24,0.923,0.194,0.378,0.459,0.841,0.513,0.571,0.602,0.336,0.291,0.77,0.428,2.9
2011,rio negro,grandes,5,0,0,0.888,0.146,0.341,0.508,0.793,0.512,0.442,0.439,0.34,0.303,0.666,0.335,2.6
2011,rio negro,medianas,38,4,2,0.888,0.146,0.341,0.508,0.793,0.512,0.442,0.439,0.34,0.303,0.666,0.335,2.6
2011,rio negro,micro,1737,395,287,0.888,0.146,0.341,0.508,0.793,0.512,0.442,0.439,0.34,0.303,0.666,0.335,2.6
2011,rio negro,pequeñas,323,20,13,0.888,0.146,0.341,0.508,0.793,0.512,0.442,0.439,0.34,0.303,0.666,0.335,2.6
2011,rivera,grandes,11,1,0,0.745,0.103,0.224,0.287,0.648,0.175,0.689,0.549,0.228,0.151,0.725,0.785,2.2
2011,rivera,medianas,67,0,2,0.745,0.103,0.224,0.287,0.648,0.175,0.689,0.549,0.228,0.151,0.725,0.785,2.2
2011,rivera,micro,2299,486,340,0.745,0.103,0.224,0.287,0.648,0.175,0.689,0.549,0.228,0.151,0.725,0.785,2.2
2011,rivera,pequeñas,397,15,13,0.745,0.103,0.224,0.287,0.648,0.175,0.689,0.549,0.228,0.151,0.725,0.785,2.2
2011,rocha,grandes,5,0,0,0.827,0.095,0.275,0.421,0.84,0.394,0.631,0.629,0.268,0.263,0.863,0.284,1.9
2011,rocha,medianas,51,1,1,0.827,0.095,0.275,0.421,0.84,0.394,0.631,0.629,0.268,0.263,0.863,0.284,1.9
2011,rocha,micro,3018,706,601,0.827,0.095,0.275,0.421,0.84,0.394,0.631,0.629,0.268,0.263,0.863,0.284,1.9
2011,rocha,pequeñas,530,45,62,0.827,0.095,0.275,0.421,0.84,0.394,0.631,0.629,0.268,0.263,0.863,0.284,1.9
2011,salto,grandes,10,0,0,0.875,0.294,0.38,0.434,0.721,0.457,0.662,0.439,0.334,0.289,0.702,0.202,2.8
2011,salto,medianas,109,4,4,0.875,0.294,0.38,0.434,0.721,0.457,0.662,0.439,0.334,0.289,0.702,0.202,2.8
2011,salto,micro,2699,551,452,0.875,0.294,0.38,0.434,0.721,0.457,0.662,0.439,0.334,0.289,0.702,0.202,2.8
2011,salto,pequeñas,523,42,32,0.875,0.294,0.38,0.434,0.721,0.457,0.662,0.439,0.334,0.289,0.702,0.202,2.8
2011,san jose,grandes,11,2,1,0.928,0.122,0.303,0.394,0.861,0.546,0.666,0.726,0.325,0.377,0.729,0.58,2.9
2011,san jose,medianas,80,3,0,0.928,0.122,0.303,0.394,0.861,0.546,0.666,0.726,0.325,0.377,0.729,0.58,2.9
2011,san jose,micro,3411,710,498,0.928,0.122,0.303,0.394,0.861,0.546,0.666,0.726,0.325,0.377,0.729,0.58,2.9
2011,san jose,pequeñas,502,21,17,0.928,0.122,0.303,0.394,0.861,0.546,0.666,0.726,0.325,0.377,0.729,0.58,2.9
2011,soriano,grandes,7,1,0,0.903,0.156,0.321,0.565,0.888,0.404,0.738,0.526,0.335,0.453,0.821,0.339,2.5
2011,soriano,medianas,71,1,0,0.903,0.156,0.321,0.565,0.888,0.404,0.738,0.526,0.335,0.453,0.821,0.339,2.5
2011,soriano,micro,2757,489,378,0.903,0.156,0.321,0.565,0.888,0.404,0.738,0.526,0.335,0.453,0.821,0.339,2.5
2011,soriano,pequeñas,460,30,19,0.903,0.156,0.321,0.565,0.888,0.404,0.738,0.526,0.335,0.453,0.821,0.339,2.5
2011,tacuarembo,grandes,7,0,1,0.832,0.104,0.254,0.486,0.678,0.353,0.573,0.482,0.218,0.22,0.706,0.28,2
2011,tacuarembo,medianas,40,1,1,0.832,0.104,0.254,0.486,0.678,0.353,0.573,0.482,0.218,0.22,0.706,0.28,2
2011,tacuarembo,micro,2486,459,413,0.832,0.104,0.254,0.486,0.678,0.353,0.573,0.482,0.218,0.22,0.706,0.28,2
2011,tacuarembo,pequeñas,387,17,16,0.832,0.104,0.254,0.486,0.678,0.353,0.573,0.482,0.218,0.22,0.706,0.28,2
2011,treinta y tres,grandes,5,0,0,0.848,0.116,0.307,0.347,0.744,0.495,0.692,0.405,0.257,0.265,0.648,0.054,1.3
2011,treinta y tres,medianas,22,0,0,0.848,0.116,0.307,0.347,0.744,0.495,0.692,0.405,0.257,0.265,0.648,0.054,1.3
2011,treinta y tres,micro,1412,281,241,0.848,0.116,0.307,0.347,0.744,0.495,0.692,0.405,0.257,0.265,0.648,0.054,1.3
2011,treinta y tres,pequeñas,234,12,9,0.848,0.116,0.307,0.347,0.744,0.495,0.692,0.405,0.257,0.265,0.648,0.054,1.3
2012,artigas,grandes,3,0,0,0.85,0.156,0.335,0.603,0.728,0.337,0.647,0.559,0.319,0.202,0.732,0.421,1.5
2012,artigas,medianas,32,0,1,0.85,0.156,0.335,0.603,0.728,0.337,0.647,0.559,0.319,0.202,0.732,0.421,1.5
2012,artigas,micro,1666,299,225,0.85,0.156,0.335,0.603,0.728,0.337,0.647,0.559,0.319,0.202,0.732,0.421,1.5
2012,artigas,pequeñas,308,13,14,0.85,0.156,0.335,0.603,0.728,0.337,0.647,0.559,0.319,0.202,0.732,0.421,1.5
2012,canelones,grandes,44,0,1,0.908,0.265,0.388,0.366,0.841,0.54,0.609,0.576,0.438,0.407,0.76,0.717,9.6
2012,canelones,medianas,407,8,15,0.908,0.265,0.388,0.366,0.841,0.54,0.609,0.576,0.438,0.407,0.76,0.717,9.6
2012,canelones,micro,14471,2887,2283,0.908,0.265,0.388,0.366,0.841,0.54,0.609,0.576,0.438,0.407,0.76,0.717,9.6
2012,canelones,pequeñas,2647,162,145,0.908,0.265,0.388,0.366,0.841,0.54,0.609,0.576,0.438,0.407,0.76,0.717,9.6
2012,cerro largo,grandes,7,0,0,0.839,0.118,0.287,0.53,0.753,0.287,0.453,0.733,0.289,0.163,0.863,0.217,1.9
2012,cerro largo,medianas,53,4,0,0.839,0.118,0.287,0.53,0.753,0.287,0.453,0.733,0.289,0.163,0.863,0.217,1.9
2012,cerro largo,micro,1897,342,309,0.839,0.118,0.287,0.53,0.753,0.287,0.453,0.733,0.289,0.163,0.863,0.217,1.9
2012,cerro largo,pequeñas,384,18,21,0.839,0.118,0.287,0.53,0.753,0.287,0.453,0.733,0.289,0.163,0.863,0.217,1.9
2012,colonia,grandes,19,1,0,0.919,0.15,0.36,0.676,0.955,0.626,0.488,0.726,0.418,0.458,0.927,0.474,4.7
2012,colonia,medianas,168,4,11,0.919,0.15,0.36,0.676,0.955,0.626,0.488,0.726,0.418,0.458,0.927,0.474,4.7
2012,colonia,micro,5268,1004,714,0.919,0.15,0.36,0.676,0.955,0.626,0.488,0.726,0.418,0.458,0.927,0.474,4.7
2012,colonia,pequeñas,1054,55,60,0.919,0.15,0.36,0.676,0.955,0.626,0.488,0.726,0.418,0.458,0.927,0.474,4.7
2012,durazno,grandes,5,0,0,0.919,0.208,0.349,0.351,0.863,0.529,0.642,0.596,0.311,0.335,0.62,0.353,1.4
2012,durazno,medianas,34,0,3,0.919,0.208,0.349,0.351,0.863,0.529,0.642,0.596,0.311,0.335,0.62,0.353,1.4
2012,durazno,micro,1756,315,278,0.919,0.208,0.349,0.351,0.863,0.529,0.642,0.596,0.311,0.335,0.62,0.353,1.4
2012,durazno,pequeñas,298,13,8,0.919,0.208,0.349,0.351,0.863,0.529,0.642,0.596,0.311,0.335,0.62,0.353,1.4
2012,flores,grandes,4,0,0,0.921,0.166,0.321,0.489,0.926,0.557,0.555,0.769,0.355,0.412,0.838,0.109,0.8
2012,flores,medianas,19,0,0,0.921,0.166,0.321,0.489,0.926,0.557,0.555,0.769,0.355,0.412,0.838,0.109,0.8
2012,flores,micro,1055,175,206,0.921,0.166,0.321,0.489,0.926,0.557,0.555,0.769,0.355,0.412,0.838,0.109,0.8
2012,flores,pequeñas,182,4,8,0.921,0.166,0.321,0.489,0.926,0.557,0.555,0.769,0.355,0.412,0.838,0.109,0.8
2012,florida,grandes,5,1,1,0.934,0.224,0.357,0.603,0.869,0.564,0.678,0.619,0.411,0.419,0.811,0.365,1.9
2012,florida,medianas,54,1,4,0.934,0.224,0.357,0.603,0.869,0.564,0.678,0.619,0.411,0.419,0.811,0.365,1.9
2012,florida,micro,2477,473,382,0.934,0.224,0.357,0.603,0.869,0.564,0.678,0.619,0.411,0.419,0.811,0.365,1.9
2012,florida,pequeñas,453,19,23,0.934,0.224,0.357,0.603,0.869,0.564,0.678,0.619,0.411,0.419,0.811,0.365,1.9
2012,lavalleja,grandes,6,0,0,0.856,0.294,0.347,0.446,0.874,0.543,0.41,0.602,0.359,0.413,0.836,0.246,1.6
2012,lavalleja,medianas,51,0,2,0.856,0.294,0.347,0.446,0.874,0.543,0.41,0.602,0.359,0.413,0.836,0.246,1.6
2012,lavalleja,micro,1775,300,226,0.856,0.294,0.347,0.446,0.874,0.543,0.41,0.602,0.359,0.413,0.836,0.246,1.6
2012,lavalleja,pequeñas,341,14,20,0.856,0.294,0.347,0.446,0.874,0.543,0.41,0.602,0.359,0.413,0.836,0.246,1.6
2012,maldonado,grandes,25,0,1,0.951,0.155,0.399,0.564,0.959,0.625,0.622,0.669,0.436,0.517,0.849,0.417,5.6
2012,maldonado,medianas,314,10,6,0.951,0.155,0.399,0.564,0.959,0.625,0.622,0.669,0.436,0.517,0.849,0.417,5.6
2012,maldonado,micro,8004,1660,1374,0.951,0.155,0.399,0.564,0.959,0.625,0.622,0.669,0.436,0.517,0.849,0.417,5.6
2012,maldonado,pequeñas,1959,155,157,0.951,0.155,0.399,0.564,0.959,0.625,0.622,0.669,0.436,0.517,0.849,0.417,5.6
2012,montevideo,grandes,604,4,21,0.946,0.595,0.583,0.204,0.715,0.711,0.673,0.489,0.574,0.709,0.747,0.672,50.8
2012,montevideo,medianas,2939,45,83,0.946,0.595,0.583,0.204,0.715,0.711,0.673,0.489,0.574,0.709,0.747,0.672,50.8
2012,montevideo,micro,65002,12135,9990,0.946,0.595,0.583,0.204,0.715,0.711,0.673,0.489,0.574,0.709,0.747,0.672,50.8
2012,montevideo,pequeñas,14952,666,657,0.946,0.595,0.583,0.204,0.715,0.711,0.673,0.489,0.574,0.709,0.747,0.672,50.8
2012,paysandu,grandes,14,0,1,0.902,0.217,0.397,0.484,0.805,0.501,0.783,0.582,0.39,0.31,0.852,0.407,2.9
2012,paysandu,medianas,99,0,1,0.902,0.217,0.397,0.484,0.805,0.501,0.783,0.582,0.39,0.31,0.852,0.407,2.9
2012,paysandu,micro,3432,632,521,0.902,0.217,0.397,0.484,0.805,0.501,0.783,0.582,0.39,0.31,0.852,0.407,2.9
2012,paysandu,pequeñas,742,28,34,0.902,0.217,0.397,0.484,0.805,0.501,0.783,0.582,0.39,0.31,0.852,0.407,2.9
2012,rio negro,grandes,5,0,0,0.883,0.258,0.35,0.55,0.831,0.567,0.575,0.582,0.417,0.371,0.683,0.295,2.3
2012,rio negro,medianas,40,0,4,0.883,0.258,0.35,0.55,0.831,0.567,0.575,0.582,0.417,0.371,0.683,0.295,2.3
2012,rio negro,micro,1766,344,280,0.883,0.258,0.35,0.55,0.831,0.567,0.575,0.582,0.417,0.371,0.683,0.295,2.3
2012,rio negro,pequeñas,350,16,17,0.883,0.258,0.35,0.55,0.831,0.567,0.575,0.582,0.417,0.371,0.683,0.295,2.3
2012,rivera,grandes,11,0,4,0.831,0.174,0.303,0.257,0.689,0.287,0.792,0.512,0.358,0.238,0.758,0.761,2.1
2012,rivera,medianas,69,1,2,0.831,0.174,0.303,0.257,0.689,0.287,0.792,0.512,0.358,0.238,0.758,0.761,2.1
2012,rivera,micro,2457,557,403,0.831,0.174,0.303,0.257,0.689,0.287,0.792,0.512,0.358,0.238,0.758,0.761,2.1
2012,rivera,pequeñas,471,29,25,0.831,0.174,0.303,0.257,0.689,0.287,0.792,0.512,0.358,0.238,0.758,0.761,2.1
2012,rocha,grandes,6,0,1,0.862,0.14,0.341,0.479,0.875,0.466,0.736,0.666,0.365,0.298,0.679,0.258,1.9
2012,rocha,medianas,55,1,3,0.862,0.14,0.341,0.479,0.875,0.466,0.736,0.666,0.365,0.298,0.679,0.258,1.9
2012,rocha,micro,2985,665,588,0.862,0.14,0.341,0.479,0.875,0.466,0.736,0.666,0.365,0.298,0.679,0.258,1.9
2012,rocha,pequeñas,621,61,81,0.862,0.14,0.341,0.479,0.875,0.466,0.736,0.666,0.365,0.298,0.679,0.258,1.9
2012,salto,grandes,13,0,0,0.893,0.249,0.373,0.409,0.814,0.438,0.677,0.606,0.365,0.273,0.677,0.186,2.7
2012,salto,medianas,113,6,3,0.893,0.249,0.373,0.409,0.814,0.438,0.677,0.606,0.365,0.273,0.677,0.186,2.7
2012,salto,micro,2786,612,450,0.893,0.249,0.373,0.409,0.814,0.438,0.677,0.606,0.365,0.273,0.677,0.186,2.7
2012,salto,pequeñas,598,33,30,0.893,0.249,0.373,0.409,0.814,0.438,0.677,0.606,0.365,0.273,0.677,0.186,2.7
2012,san jose,grandes,9,0,0,0.893,0.123,0.308,0.306,0.908,0.553,0.647,0.683,0.356,0.379,0.834,0.55,2.9
2012,san jose,medianas,86,1,5,0.893,0.123,0.308,0.306,0.908,0.553,0.647,0.683,0.356,0.379,0.834,0.55,2.9
2012,san jose,micro,3650,793,538,0.893,0.123,0.308,0.306,0.908,0.553,0.647,0.683,0.356,0.379,0.834,0.55,2.9
2012,san jose,pequeñas,573,31,25,0.893,0.123,0.308,0.306,0.908,0.553,0.647,0.683,0.356,0.379,0.834,0.55,2.9
2012,soriano,grandes,6,0,0,0.9,0.149,0.324,0.518,0.872,0.452,0.59,0.622,0.367,0.364,0.771,0.272,2.4
2012,soriano,medianas,73,0,2,0.9,0.149,0.324,0.518,0.872,0.452,0.59,0.622,0.367,0.364,0.771,0.272,2.4
2012,soriano,micro,2785,481,386,0.9,0.149,0.324,0.518,0.872,0.452,0.59,0.622,0.367,0.364,0.771,0.272,2.4
2012,soriano,pequeñas,549,26,33,0.9,0.149,0.324,0.518,0.872,0.452,0.59,0.622,0.367,0.364,0.771,0.272,2.4
2012,tacuarembo,grandes,7,0,1,0.893,0.199,0.306,0.442,0.799,0.475,0.444,0.636,0.301,0.245,0.772,0.304,1.9
2012,tacuarembo,medianas,40,2,2,0.893,0.199,0.306,0.442,0.799,0.475,0.444,0.636,0.301,0.245,0.772,0.304,1.9
2012,tacuarembo,micro,2496,455,349,0.893,0.199,0.306,0.442,0.799,0.475,0.444,0.636,0.301,0.245,0.772,0.304,1.9
2012,tacuarembo,pequeñas,431,20,20,0.893,0.199,0.306,0.442,0.799,0.475,0.444,0.636,0.301,0.245,0.772,0.304,1.9
2012,treinta y tres,grandes,6,0,0,0.915,0.198,0.344,0.344,0.764,0.406,0.724,0.562,0.3,0.256,0.747,0.17,1.2
2012,treinta y tres,medianas,22,2,2,0.915,0.198,0.344,0.344,0.764,0.406,0.724,0.562,0.3,0.256,0.747,0.17,1.2
2012,treinta y tres,micro,1381,243,232,0.915,0.198,0.344,0.344,0.764,0.406,0.724,0.562,0.3,0.256,0.747,0.17,1.2
2012,treinta y tres,pequeñas,278,18,9,0.915,0.198,0.344,0.344,0.764,0.406,0.724,0.562,0.3,0.256,0.747,0.17,1.2
2013,artigas,grandes,3,0,0,0.812,0.149,0.337,0.627,0.686,0.373,0.544,0.546,0.365,0.16,0.715,0.401,1.5
2013,artigas,medianas,67,0,3,0.812,0.149,0.337,0.627,0.686,0.373,0.544,0.546,0.365,0.16,0.715,0.401,1.5
2013,artigas,micro,1808,370,279,0.812,0.149,0.337,0.627,0.686,0.373,0.544,0.546,0.365,0.16,0.715,0.401,1.5
2013,artigas,pequeñas,285,18,18,0.812,0.149,0.337,0.627,0.686,0.373,0.544,0.546,0.365,0.16,0.715,0.401,1.5
2013,canelones,grandes,45,1,0,0.915,0.246,0.39,0.404,0.866,0.566,0.711,0.609,0.494,0.381,0.688,0.716,10
2013,canelones,medianas,769,12,7,0.915,0.246,0.39,0.404,0.866,0.566,0.711,0.609,0.494,0.381,0.688,0.716,10
2013,canelones,micro,15449,3223,2501,0.915,0.246,0.39,0.404,0.866,0.566,0.711,0.609,0.494,0.381,0.688,0.716,10
2013,canelones,pequeñas,2329,130,105,0.915,0.246,0.39,0.404,0.866,0.566,0.711,0.609,0.494,0.381,0.688,0.716,10
2013,cerro largo,grandes,8,0,0,0.854,0.109,0.268,0.561,0.8,0.307,0.589,0.769,0.281,0.157,0.865,0.315,1.8
2013,cerro largo,medianas,87,2,0,0.854,0.109,0.268,0.561,0.8,0.307,0.589,0.769,0.281,0.157,0.865,0.315,1.8
2013,cerro largo,micro,1950,365,292,0.854,0.109,0.268,0.561,0.8,0.307,0.589,0.769,0.281,0.157,0.865,0.315,1.8
2013,cerro largo,pequeñas,354,20,13,0.854,0.109,0.268,0.561,0.8,0.307,0.589,0.769,0.281,0.157,0.865,0.315,1.8
2013,colonia,grandes,24,2,1,0.952,0.18,0.392,0.683,0.984,0.651,0.473,0.759,0.499,0.496,0.93,0.499,4.8
2013,colonia,medianas,299,4,6,0.952,0.18,0.392,0.683,0.984,0.651,0.473,0.759,0.499,0.496,0.93,0.499,4.8
2013,colonia,micro,5627,1089,822,0.952,0.18,0.392,0.683,0.984,0.651,0.473,0.759,0.499,0.496,0.93,0.499,4.8
2013,colonia,pequeñas,946,62,47,0.952,0.18,0.392,0.683,0.984,0.651,0.473,0.759,0.499,0.496,0.93,0.499,4.8
2013,durazno,grandes,5,0,0,0.881,0.122,0.301,0.414,0.811,0.549,0.627,0.599,0.36,0.259,0.561,0.364,1.4
2013,durazno,medianas,70,1,0,0.881,0.122,0.301,0.414,0.811,0.549,0.627,0.599,0.36,0.259,0.561,0.364,1.4
2013,durazno,micro,1811,345,284,0.881,0.122,0.301,0.414,0.811,0.549,0.627,0.599,0.36,0.259,0.561,0.364,1.4
2013,durazno,pequeñas,269,5,9,0.881,0.122,0.301,0.414,0.811,0.549,0.627,0.599,0.36,0.259,0.561,0.364,1.4
2013,flores,grandes,3,0,0,0.964,0.165,0.33,0.481,0.914,0.605,0.634,0.679,0.448,0.433,0.801,0.084,0.8
2013,flores,medianas,39,0,0,0.964,0.165,0.33,0.481,0.914,0.605,0.634,0.679,0.448,0.433,0.801,0.084,0.8
2013,flores,micro,996,156,151,0.964,0.165,0.33,0.481,0.914,0.605,0.634,0.679,0.448,0.433,0.801,0.084,0.8
2013,flores,pequeñas,166,3,5,0.964,0.165,0.33,0.481,0.914,0.605,0.634,0.679,0.448,0.433,0.801,0.084,0.8
2013,florida,grandes,5,0,0,0.9,0.193,0.325,0.597,0.881,0.546,0.314,0.589,0.435,0.371,0.857,0.348,1.9
2013,florida,medianas,103,0,0,0.9,0.193,0.325,0.597,0.881,0.546,0.314,0.589,0.435,0.371,0.857,0.348,1.9
2013,florida,micro,2595,487,417,0.9,0.193,0.325,0.597,0.881,0.546,0.314,0.589,0.435,0.371,0.857,0.348,1.9
2013,florida,pequeñas,376,21,13,0.9,0.193,0.325,0.597,0.881,0.546,0.314,0.589,0.435,0.371,0.857,0.348,1.9
2013,lavalleja,grandes,7,0,0,0.899,0.233,0.341,0.445,0.915,0.562,0.444,0.746,0.436,0.39,0.825,0.386,1.6
2013,lavalleja,medianas,71,2,2,0.899,0.233,0.341,0.445,0.915,0.562,0.444,0.746,0.436,0.39,0.825,0.386,1.6
2013,lavalleja,micro,1806,270,246,0.899,0.233,0.341,0.445,0.915,0.562,0.444,0.746,0.436,0.39,0.825,0.386,1.6
2013,lavalleja,pequeñas,328,14,6,0.899,0.233,0.341,0.445,0.915,0.562,0.444,0.746,0.436,0.39,0.825,0.386,1.6
2013,maldonado,grandes,21,0,0,0.954,0.2,0.432,0.595,0.96,0.651,0.556,0.693,0.505,0.512,0.845,0.392,5.6
2013,maldonado,medianas,450,17,12,0.954,0.2,0.432,0.595,0.96,0.651,0.556,0.693,0.505,0.512,0.845,0.392,5.6
2013,maldonado,micro,8887,2059,1633,0.954,0.2,0.432,0.595,0.96,0.651,0.556,0.693,0.505,0.512,0.845,0.392,5.6
2013,maldonado,pequeñas,1640,135,125,0.954,0.2,0.432,0.595,0.96,0.651,0.556,0.693,0.505,0.512,0.845,0.392,5.6
2013,montevideo,grandes,626,9,4,0.953,0.596,0.59,0.242,0.732,0.73,0.661,0.445,0.614,0.728,0.746,0.629,50.1
2013,montevideo,medianas,5330,83,78,0.953,0.596,0.59,0.242,0.732,0.73,0.661,0.445,0.614,0.728,0.746,0.629,50.1
2013,montevideo,micro,66438,11708,10251,0.953,0.596,0.59,0.242,0.732,0.73,0.661,0.445,0.614,0.728,0.746,0.629,50.1
2013,montevideo,pequeñas,12656,687,525,0.953,0.596,0.59,0.242,0.732,0.73,0.661,0.445,0.614,0.728,0.746,0.629,50.1
2013,paysandu,grandes,14,1,0,0.907,0.178,0.356,0.453,0.864,0.524,0.632,0.556,0.411,0.345,0.751,0.378,2.7
2013,paysandu,medianas,210,3,2,0.907,0.178,0.356,0.453,0.864,0.524,0.632,0.556,0.411,0.345,0.751,0.378,2.7
2013,paysandu,micro,3611,692,560,0.907,0.178,0.356,0.453,0.864,0.524,0.632,0.556,0.411,0.345,0.751,0.378,2.7
2013,paysandu,pequeñas,629,32,19,0.907,0.178,0.356,0.453,0.864,0.524,0.632,0.556,0.411,0.345,0.751,0.378,2.7
2013,rio negro,grandes,6,1,0,0.866,0.223,0.349,0.57,0.806,0.556,0.487,0.532,0.436,0.312,0.621,0.254,2.3
2013,rio negro,medianas,71,0,1,0.866,0.223,0.349,0.57,0.806,0.556,0.487,0.532,0.436,0.312,0.621,0.254,2.3
2013,rio negro,micro,1824,350,260,0.866,0.223,0.349,0.57,0.806,0.556,0.487,0.532,0.436,0.312,0.621,0.254,2.3
2013,rio negro,pequeñas,335,17,15,0.866,0.223,0.349,0.57,0.806,0.556,0.487,0.532,0.436,0.312,0.621,0.254,2.3
2013,rivera,grandes,6,0,0,0.725,0.153,0.257,0.295,0.682,0.257,0.511,0.482,0.365,0.185,0.797,0.745,2.2
2013,rivera,medianas,157,2,2,0.725,0.153,0.257,0.295,0.682,0.257,0.511,0.482,0.365,0.185,0.797,0.745,2.2
2013,rivera,micro,2582,508,402,0.725,0.153,0.257,0.295,0.682,0.257,0.511,0.482,0.365,0.185,0.797,0.745,2.2
2013,rivera,pequeñas,364,22,25,0.725,0.153,0.257,0.295,0.682,0.257,0.511,0.482,0.365,0.185,0.797,0.745,2.2
2013,rocha,grandes,5,0,0,0.856,0.156,0.313,0.512,0.842,0.476,0.42,0.609,0.397,0.314,0.669,0.241,1.9
2013,rocha,medianas,99,3,2,0.856,0.156,0.313,0.512,0.842,0.476,0.42,0.609,0.397,0.314,0.669,0.241,1.9
2013,rocha,micro,3152,704,578,0.856,0.156,0.313,0.512,0.842,0.476,0.42,0.609,0.397,0.314,0.669,0.241,1.9
2013,rocha,pequeñas,484,39,49,0.856,0.156,0.313,0.512,0.842,0.476,0.42,0.609,0.397,0.314,0.669,0.241,1.9
2013,salto,grandes,15,0,0,0.859,0.268,0.38,0.439,0.841,0.41,0.741,0.536,0.42,0.292,0.659,0.163,2.7
2013,salto,medianas,158,8,3,0.859,0.268,0.38,0.439,0.841,0.41,0.741,0.536,0.42,0.292,0.659,0.163,2.7
2013,salto,micro,3038,681,482,0.859,0.268,0.38,0.439,0.841,0.41,0.741,0.536,0.42,0.292,0.659,0.163,2.7
2013,salto,pequeñas,530,26,30,0.859,0.268,0.38,0.439,0.841,0.41,0.741,0.536,0.42,0.292,0.659,0.163,2.7
2013,san jose,grandes,15,0,0,0.931,0.101,0.293,0.344,0.903,0.569,0.661,0.713,0.436,0.346,0.774,0.523,3.1
2013,san jose,medianas,160,4,0,0.931,0.101,0.293,0.344,0.903,0.569,0.661,0.713,0.436,0.346,0.774,0.523,3.1
2013,san jose,micro,3825,763,545,0.931,0.101,0.293,0.344,0.903,0.569,0.661,0.713,0.436,0.346,0.774,0.523,3.1
2013,san jose,pequeñas,553,32,22,0.931,0.101,0.293,0.344,0.903,0.569,0.661,0.713,0.436,0.346,0.774,0.523,3.1
2013,soriano,grandes,8,0,0,0.881,0.143,0.334,0.519,0.906,0.468,0.756,0.646,0.442,0.392,0.864,0.352,2.5
2013,soriano,medianas,146,0,1,0.881,0.143,0.334,0.519,0.906,0.468,0.756,0.646,0.442,0.392,0.864,0.352,2.5
2013,soriano,micro,2960,595,475,0.881,0.143,0.334,0.519,0.906,0.468,0.756,0.646,0.442,0.392,0.864,0.352,2.5
2013,soriano,pequeñas,498,22,28,0.881,0.143,0.334,0.519,0.906,0.468,0.756,0.646,0.442,0.392,0.864,0.352,2.5
2013,tacuarembo,grandes,7,0,0,0.841,0.161,0.285,0.431,0.788,0.452,0.502,0.636,0.304,0.215,0.668,0.278,1.9
2013,tacuarembo,medianas,105,5,2,0.841,0.161,0.285,0.431,0.788,0.452,0.502,0.636,0.304,0.215,0.668,0.278,1.9
2013,tacuarembo,micro,2660,491,391,0.841,0.161,0.285,0.431,0.788,0.452,0.502,0.636,0.304,0.215,0.668,0.278,1.9
2013,tacuarembo,pequeñas,353,20,20,0.841,0.161,0.285,0.431,0.788,0.452,0.502,0.636,0.304,0.215,0.668,0.278,1.9
2013,treinta y tres,grandes,5,0,0,0.882,0.147,0.316,0.386,0.881,0.411,0.601,0.679,0.388,0.304,0.685,0.14,1.3
2013,treinta y tres,medianas,50,1,3,0.882,0.147,0.316,0.386,0.881,0.411,0.601,0.679,0.388,0.304,0.685,0.14,1.3
2013,treinta y tres,micro,1465,307,212,0.882,0.147,0.316,0.386,0.881,0.411,0.601,0.679,0.388,0.304,0.685,0.14,1.3
2013,treinta y tres,pequeñas,240,10,12,0.882,0.147,0.316,0.386,0.881,0.411,0.601,0.679,0.388,0.304,0.685,0.14,1.3
2014,artigas,grandes,3,0,0,0.845,0.171,0.341,0.577,0.799,0.33,0.719,0.582,0.454,0.204,0.734,0.361,1.5
2014,artigas,medianas,46,1,1,0.845,0.171,0.341,0.577,0.799,0.33,0.719,0.582,0.454,0.204,0.734,0.361,1.5
2014,artigas,micro,1928,389,365,0.845,0.171,0.341,0.577,0.799,0.33,0.719,0.582,0.454,0.204,0.734,0.361,1.5
2014,artigas,pequeñas,302,16,9,0.845,0.171,0.341,0.577,0.799,0.33,0.719,0.582,0.454,0.204,0.734,0.361,1.5
2014,canelones,grandes,55,3,0,0.921,0.273,0.406,0.496,0.895,0.588,0.627,0.592,0.534,0.42,0.725,0.689,10.1
2014,canelones,medianas,547,21,7,0.921,0.273,0.406,0.496,0.895,0.588,0.627,0.592,0.534,0.42,0.725,0.689,10.1
2014,canelones,micro,16169,3166,2790,0.921,0.273,0.406,0.496,0.895,0.588,0.627,0.592,0.534,0.42,0.725,0.689,10.1
2014,canelones,pequeñas,2618,148,112,0.921,0.273,0.406,0.496,0.895,0.588,0.627,0.592,0.534,0.42,0.725,0.689,10.1
2014,cerro largo,grandes,8,0,1,0.855,0.097,0.274,0.631,0.788,0.304,0.544,0.726,0.337,0.131,0.715,0.328,1.8
2014,cerro largo,medianas,72,4,3,0.855,0.097,0.274,0.631,0.788,0.304,0.544,0.726,0.337,0.131,0.715,0.328,1.8
2014,cerro largo,micro,2091,413,354,0.855,0.097,0.274,0.631,0.788,0.304,0.544,0.726,0.337,0.131,0.715,0.328,1.8
2014,cerro largo,pequeñas,363,18,17,0.855,0.097,0.274,0.631,0.788,0.304,0.544,0.726,0.337,0.131,0.715,0.328,1.8
2014,colonia,grandes,25,1,0,0.956,0.161,0.383,0.728,0.954,0.632,0.693,0.733,0.534,0.441,0.833,0.462,4.7
2014,colonia,medianas,205,13,4,0.956,0.161,0.383,0.728,0.954,0.632,0.693,0.733,0.534,0.441,0.833,0.462,4.7
2014,colonia,micro,5875,1018,916,0.956,0.161,0.383,0.728,0.954,0.632,0.693,0.733,0.534,0.441,0.833,0.462,4.7
2014,colonia,pequeñas,1028,69,65,0.956,0.161,0.383,0.728,0.954,0.632,0.693,0.733,0.534,0.441,0.833,0.462,4.7
2014,durazno,grandes,5,0,0,0.875,0.12,0.329,0.463,0.874,0.545,0.754,0.646,0.388,0.287,0.657,0.363,1.5
2014,durazno,medianas,46,1,1,0.875,0.12,0.329,0.463,0.874,0.545,0.754,0.646,0.388,0.287,0.657,0.363,1.5
2014,durazno,micro,1893,360,322,0.875,0.12,0.329,0.463,0.874,0.545,0.754,0.646,0.388,0.287,0.657,0.363,1.5
2014,durazno,pequeñas,302,14,9,0.875,0.12,0.329,0.463,0.874,0.545,0.754,0.646,0.388,0.287,0.657,0.363,1.5
2014,flores,grandes,6,0,0,0.943,0.204,0.371,0.497,0.929,0.679,0.634,0.693,0.477,0.423,0.848,0.075,0.7
2014,flores,medianas,27,1,0,0.943,0.204,0.371,0.497,0.929,0.679,0.634,0.693,0.477,0.423,0.848,0.075,0.7
2014,flores,micro,1043,178,183,0.943,0.204,0.371,0.497,0.929,0.679,0.634,0.693,0.477,0.423,0.848,0.075,0.7
2014,flores,pequeñas,163,9,8,0.943,0.204,0.371,0.497,0.929,0.679,0.634,0.693,0.477,0.423,0.848,0.075,0.7
2014,florida,grandes,6,0,0,0.896,0.242,0.335,0.612,0.892,0.603,0.309,0.663,0.482,0.374,0.911,0.549,2
2014,florida,medianas,68,3,1,0.896,0.242,0.335,0.612,0.892,0.603,0.309,0.663,0.482,0.374,0.911,0.549,2
2014,florida,micro,2625,462,457,0.896,0.242,0.335,0.612,0.892,0.603,0.309,0.663,0.482,0.374,0.911,0.549,2
2014,florida,pequeñas,449,28,26,0.896,0.242,0.335,0.612,0.892,0.603,0.309,0.663,0.482,0.374,0.911,0.549,2
2014,lavalleja,grandes,8,0,0,0.897,0.22,0.354,0.454,0.911,0.511,0.39,0.693,0.484,0.367,0.824,0.419,1.6
2014,lavalleja,medianas,70,2,3,0.897,0.22,0.354,0.454,0.911,0.511,0.39,0.693,0.484,0.367,0.824,0.419,1.6
2014,lavalleja,micro,1879,315,273,0.897,0.22,0.354,0.454,0.911,0.511,0.39,0.693,0.484,0.367,0.824,0.419,1.6
2014,lavalleja,pequeñas,332,12,10,0.897,0.22,0.354,0.454,0.911,0.511,0.39,0.693,0.484,0.367,0.824,0.419,1.6
2014,maldonado,grandes,28,2,0,0.954,0.216,0.441,0.64,0.959,0.615,0.541,0.656,0.559,0.499,0.808,0.376,5.5
2014,maldonado,medianas,342,8,7,0.954,0.216,0.441,0.64,0.959,0.615,0.541,0.656,0.559,0.499,0.808,0.376,5.5
2014,maldonado,micro,9081,1791,1939,0.954,0.216,0.441,0.64,0.959,0.615,0.541,0.656,0.559,0.499,0.808,0.376,5.5
2014,maldonado,pequeñas,1730,109,119,0.954,0.216,0.441,0.64,0.959,0.615,0.541,0.656,0.559,0.499,0.808,0.376,5.5
2014,montevideo,grandes,800,51,33,0.951,0.609,0.605,0.304,0.78,0.737,0.662,0.462,0.66,0.724,0.732,0.74,50.5
2014,montevideo,medianas,3671,134,86,0.951,0.609,0.605,0.304,0.78,0.737,0.662,0.462,0.66,0.724,0.732,0.74,50.5
2014,montevideo,micro,67926,11004,10984,0.951,0.609,0.605,0.304,0.78,0.737,0.662,0.462,0.66,0.724,0.732,0.74,50.5
2014,montevideo,pequeñas,13677,657,549,0.951,0.609,0.605,0.304,0.78,0.737,0.662,0.462,0.66,0.724,0.732,0.74,50.5
2014,paysandu,grandes,16,0,2,0.903,0.192,0.373,0.471,0.911,0.58,0.449,0.612,0.48,0.331,0.802,0.541,2.6
2014,paysandu,medianas,136,3,2,0.903,0.192,0.373,0.471,0.911,0.58,0.449,0.612,0.48,0.331,0.802,0.541,2.6
2014,paysandu,micro,3830,787,631,0.903,0.192,0.373,0.471,0.911,0.58,0.449,0.612,0.48,0.331,0.802,0.541,2.6
2014,paysandu,pequeñas,737,33,34,0.903,0.192,0.373,0.471,0.911,0.58,0.449,0.612,0.48,0.331,0.802,0.541,2.6
2014,rio negro,grandes,7,0,0,0.903,0.19,0.361,0.6,0.857,0.628,0.524,0.612,0.482,0.355,0.743,0.209,2.2
2014,rio negro,medianas,57,4,1,0.903,0.19,0.361,0.6,0.857,0.628,0.524,0.612,0.482,0.355,0.743,0.209,2.2
2014,rio negro,micro,1950,381,332,0.903,0.19,0.361,0.6,0.857,0.628,0.524,0.612,0.482,0.355,0.743,0.209,2.2
2014,rio negro,pequeñas,360,21,20,0.903,0.19,0.361,0.6,0.857,0.628,0.524,0.612,0.482,0.355,0.743,0.209,2.2
2014,rivera,grandes,6,1,0,0.803,0.157,0.281,0.375,0.736,0.286,0.55,0.592,0.434,0.174,0.873,0.723,2.2
2014,rivera,medianas,96,3,0,0.803,0.157,0.281,0.375,0.736,0.286,0.55,0.592,0.434,0.174,0.873,0.723,2.2
2014,rivera,micro,2745,581,544,0.803,0.157,0.281,0.375,0.736,0.286,0.55,0.592,0.434,0.174,0.873,0.723,2.2
2014,rivera,pequeñas,447,25,15,0.803,0.157,0.281,0.375,0.736,0.286,0.55,0.592,0.434,0.174,0.873,0.723,2.2
2014,rocha,grandes,4,0,0,0.874,0.139,0.319,0.586,0.86,0.423,0.595,0.636,0.478,0.291,0.679,0.249,1.9
2014,rocha,medianas,65,2,4,0.874,0.139,0.319,0.586,0.86,0.423,0.595,0.636,0.478,0.291,0.679,0.249,1.9
2014,rocha,micro,3238,692,733,0.874,0.139,0.319,0.586,0.86,0.423,0.595,0.636,0.478,0.291,0.679,0.249,1.9
2014,rocha,pequeñas,541,34,60,0.874,0.139,0.319,0.586,0.86,0.423,0.595,0.636,0.478,0.291,0.679,0.249,1.9
2014,salto,grandes,17,0,1,0.89,0.248,0.383,0.506,0.876,0.441,0.702,0.592,0.463,0.287,0.565,0.155,2.7
2014,salto,medianas,148,6,3,0.89,0.248,0.383,0.506,0.876,0.441,0.702,0.592,0.463,0.287,0.565,0.155,2.7
2014,salto,micro,3263,734,621,0.89,0.248,0.383,0.506,0.876,0.441,0.702,0.592,0.463,0.287,0.565,0.155,2.7
2014,salto,pequeñas,569,32,26,0.89,0.248,0.383,0.506,0.876,0.441,0.702,0.592,0.463,0.287,0.565,0.155,2.7
2014,san jose,grandes,20,1,0,0.926,0.112,0.307,0.402,0.953,0.572,0.744,0.733,0.465,0.36,0.707,0.521,3.1
2014,san jose,medianas,127,4,1,0.926,0.112,0.307,0.402,0.953,0.572,0.744,0.733,0.465,0.36,0.707,0.521,3.1
2014,san jose,micro,4128,832,738,0.926,0.112,0.307,0.402,0.953,0.572,0.744,0.733,0.465,0.36,0.707,0.521,3.1
2014,san jose,pequeñas,580,23,22,0.926,0.112,0.307,0.402,0.953,0.572,0.744,0.733,0.465,0.36,0.707,0.521,3.1
2014,soriano,grandes,11,0,0,0.894,0.179,0.348,0.542,0.903,0.47,0.617,0.586,0.484,0.36,0.731,0.354,2.2
2014,soriano,medianas,84,1,1,0.894,0.179,0.348,0.542,0.903,0.47,0.617,0.586,0.484,0.36,0.731,0.354,2.2
2014,soriano,micro,3048,550,460,0.894,0.179,0.348,0.542,0.903,0.47,0.617,0.586,0.484,0.36,0.731,0.354,2.2
2014,soriano,pequeñas,551,28,18,0.894,0.179,0.348,0.542,0.903,0.47,0.617,0.586,0.484,0.36,0.731,0.354,2.2
2014,tacuarembo,grandes,8,1,0,0.828,0.154,0.292,0.523,0.786,0.434,0.571,0.566,0.382,0.228,0.76,0.249,2
2014,tacuarembo,medianas,65,0,0,0.828,0.154,0.292,0.523,0.786,0.434,0.571,0.566,0.382,0.228,0.76,0.249,2
2014,tacuarembo,micro,2811,552,522,0.828,0.154,0.292,0.523,0.786,0.434,0.571,0.566,0.382,0.228,0.76,0.249,2
2014,tacuarembo,pequeñas,416,27,20,0.828,0.154,0.292,0.523,0.786,0.434,0.571,0.566,0.382,0.228,0.76,0.249,2
2014,treinta y tres,grandes,5,0,1,0.85,0.163,0.351,0.37,0.821,0.531,0.58,0.609,0.369,0.241,0.712,0.405,1.2
2014,treinta y tres,medianas,31,1,0,0.85,0.163,0.351,0.37,0.821,0.531,0.58,0.609,0.369,0.241,0.712,0.405,1.2
2014,treinta y tres,micro,1543,280,258,0.85,0.163,0.351,0.37,0.821,0.531,0.58,0.609,0.369,0.241,0.712,0.405,1.2
2014,treinta y tres,pequeñas,249,15,12,0.85,0.163,0.351,0.37,0.821,0.531,0.58,0.609,0.369,0.241,0.712,0.405,1.2
2015,artigas,grandes,3,0,0,0.828,0.175,0.342,0.621,0.828,0.302,0.49,0.536,0.478,0.209,0.671,0.372,1.5
2015,artigas,medianas,40,2,1,0.828,0.175,0.342,0.621,0.828,0.302,0.49,0.536,0.478,0.209,0.671,0.372,1.5
2015,artigas,micro,2021,385,323,0.828,0.175,0.342,0.621,0.828,0.302,0.49,0.536,0.478,0.209,0.671,0.372,1.5
2015,artigas,pequeñas,250,13,15,0.828,0.175,0.342,0.621,0.828,0.302,0.49,0.536,0.478,0.209,0.671,0.372,1.5
2015,canelones,grandes,50,1,0,0.925,0.285,0.408,0.526,0.906,0.578,0.608,0.576,0.561,0.42,0.705,0.69,10.3
2015,canelones,medianas,492,14,5,0.925,0.285,0.408,0.526,0.906,0.578,0.608,0.576,0.561,0.42,0.705,0.69,10.3
2015,canelones,micro,17276,3148,2452,0.925,0.285,0.408,0.526,0.906,0.578,0.608,0.576,0.561,0.42,0.705,0.69,10.3
2015,canelones,pequeñas,2108,129,91,0.925,0.285,0.408,0.526,0.906,0.578,0.608,0.576,0.561,0.42,0.705,0.69,10.3
2015,cerro largo,grandes,7,0,0,0.839,0.132,0.291,0.639,0.81,0.296,0.542,0.659,0.387,0.135,0.64,0.281,1.9
2015,cerro largo,medianas,56,0,1,0.839,0.132,0.291,0.639,0.81,0.296,0.542,0.659,0.387,0.135,0.64,0.281,1.9
2015,cerro largo,micro,2323,504,349,0.839,0.132,0.291,0.639,0.81,0.296,0.542,0.659,0.387,0.135,0.64,0.281,1.9
2015,cerro largo,pequeñas,292,13,8,0.839,0.132,0.291,0.639,0.81,0.296,0.542,0.659,0.387,0.135,0.64,0.281,1.9
2015,colonia,grandes,23,1,1,0.953,0.147,0.371,0.678,0.96,0.626,0.64,0.713,0.518,0.404,0.847,0.394,4.9
2015,colonia,medianas,174,5,1,0.953,0.147,0.371,0.678,0.96,0.626,0.64,0.713,0.518,0.404,0.847,0.394,4.9
2015,colonia,micro,6181,992,805,0.953,0.147,0.371,0.678,0.96,0.626,0.64,0.713,0.518,0.404,0.847,0.394,4.9
2015,colonia,pequeñas,813,28,31,0.953,0.147,0.371,0.678,0.96,0.626,0.64,0.713,0.518,0.404,0.847,0.394,4.9
2015,durazno,grandes,5,0,0,0.904,0.149,0.322,0.449,0.834,0.511,0.532,0.619,0.379,0.276,0.584,0.356,1.5
2015,durazno,medianas,38,1,1,0.904,0.149,0.322,0.449,0.834,0.511,0.532,0.619,0.379,0.276,0.584,0.356,1.5
2015,durazno,micro,2019,370,291,0.904,0.149,0.322,0.449,0.834,0.511,0.532,0.619,0.379,0.276,0.584,0.356,1.5
2015,durazno,pequeñas,225,4,6,0.904,0.149,0.322,0.449,0.834,0.511,0.532,0.619,0.379,0.276,0.584,0.356,1.5
2015,flores,grandes,4,0,0,0.934,0.262,0.386,0.525,0.984,0.613,0.552,0.656,0.522,0.464,0.839,0.059,0.7
2015,flores,medianas,17,0,0,0.934,0.262,0.386,0.525,0.984,0.613,0.552,0.656,0.522,0.464,0.839,0.059,0.7
2015,flores,micro,1100,199,143,0.934,0.262,0.386,0.525,0.984,0.613,0.552,0.656,0.522,0.464,0.839,0.059,0.7
2015,flores,pequeñas,136,7,3,0.934,0.262,0.386,0.525,0.984,0.613,0.552,0.656,0.522,0.464,0.839,0.059,0.7
2015,florida,grandes,4,1,0,0.916,0.221,0.351,0.599,0.917,0.577,0.602,0.663,0.533,0.425,0.781,0.561,1.9
2015,florida,medianas,62,1,1,0.916,0.221,0.351,0.599,0.917,0.577,0.602,0.663,0.533,0.425,0.781,0.561,1.9
2015,florida,micro,2735,473,422,0.916,0.221,0.351,0.599,0.917,0.577,0.602,0.663,0.533,0.425,0.781,0.561,1.9
2015,florida,pequeñas,351,16,13,0.916,0.221,0.351,0.599,0.917,0.577,0.602,0.663,0.533,0.425,0.781,0.561,1.9
2015,lavalleja,grandes,7,0,0,0.887,0.225,0.34,0.469,0.912,0.542,0.631,0.626,0.517,0.368,0.704,0.415,1.6
2015,lavalleja,medianas,53,0,1,0.887,0.225,0.34,0.469,0.912,0.542,0.631,0.626,0.517,0.368,0.704,0.415,1.6
2015,lavalleja,micro,2022,331,247,0.887,0.225,0.34,0.469,0.912,0.542,0.631,0.626,0.517,0.368,0.704,0.415,1.6
2015,lavalleja,pequeñas,270,11,12,0.887,0.225,0.34,0.469,0.912,0.542,0.631,0.626,0.517,0.368,0.704,0.415,1.6
2015,maldonado,grandes,25,0,1,0.951,0.228,0.447,0.643,0.926,0.598,0.7,0.619,0.54,0.444,0.746,0.533,5.4
2015,maldonado,medianas,283,13,9,0.951,0.228,0.447,0.643,0.926,0.598,0.7,0.619,0.54,0.444,0.746,0.533,5.4
2015,maldonado,micro,9447,1913,1453,0.951,0.228,0.447,0.643,0.926,0.598,0.7,0.619,0.54,0.444,0.746,0.533,5.4
2015,maldonado,pequeñas,1426,114,88,0.951,0.228,0.447,0.643,0.926,0.598,0.7,0.619,0.54,0.444,0.746,0.533,5.4
2015,montevideo,grandes,644,3,8,0.955,0.614,0.607,0.339,0.775,0.754,0.655,0.452,0.683,0.732,0.668,0.73,50.4
2015,montevideo,medianas,3061,49,50,0.955,0.614,0.607,0.339,0.775,0.754,0.655,0.452,0.683,0.732,0.668,0.73,50.4
2015,montevideo,micro,70935,11078,9772,0.955,0.614,0.607,0.339,0.775,0.754,0.655,0.452,0.683,0.732,0.668,0.73,50.4
2015,montevideo,pequeñas,11093,441,372,0.955,0.614,0.607,0.339,0.775,0.754,0.655,0.452,0.683,0.732,0.668,0.73,50.4
2015,paysandu,grandes,14,0,0,0.898,0.157,0.362,0.521,0.867,0.543,0.631,0.586,0.478,0.284,0.768,0.51,2.6
2015,paysandu,medianas,107,2,1,0.898,0.157,0.362,0.521,0.867,0.543,0.631,0.586,0.478,0.284,0.768,0.51,2.6
2015,paysandu,micro,4292,921,639,0.898,0.157,0.362,0.521,0.867,0.543,0.631,0.586,0.478,0.284,0.768,0.51,2.6
2015,paysandu,pequeñas,593,24,20,0.898,0.157,0.362,0.521,0.867,0.543,0.631,0.586,0.478,0.284,0.768,0.51,2.6
2015,rio negro,grandes,6,0,0,0.917,0.228,0.391,0.546,0.845,0.56,0.565,0.522,0.509,0.324,0.666,0.222,2.3
2015,rio negro,medianas,40,1,0,0.917,0.228,0.391,0.546,0.845,0.56,0.565,0.522,0.509,0.324,0.666,0.222,2.3
2015,rio negro,micro,2149,446,320,0.917,0.228,0.391,0.546,0.845,0.56,0.565,0.522,0.509,0.324,0.666,0.222,2.3
2015,rio negro,pequeñas,291,10,7,0.917,0.228,0.391,0.546,0.845,0.56,0.565,0.522,0.509,0.324,0.666,0.222,2.3
2015,rivera,grandes,6,0,0,0.845,0.172,0.305,0.406,0.717,0.331,0.55,0.542,0.48,0.17,0.678,0.665,2.1
2015,rivera,medianas,73,3,2,0.845,0.172,0.305,0.406,0.717,0.331,0.55,0.542,0.48,0.17,0.678,0.665,2.1
2015,rivera,micro,2837,522,502,0.845,0.172,0.305,0.406,0.717,0.331,0.55,0.542,0.48,0.17,0.678,0.665,2.1
2015,rivera,pequeñas,358,7,12,0.845,0.172,0.305,0.406,0.717,0.331,0.55,0.542,0.48,0.17,0.678,0.665,2.1
2015,rocha,grandes,5,1,1,0.896,0.15,0.34,0.561,0.849,0.463,0.512,0.606,0.475,0.31,0.54,0.232,1.8
2015,rocha,medianas,56,2,2,0.896,0.15,0.34,0.561,0.849,0.463,0.512,0.606,0.475,0.31,0.54,0.232,1.8
2015,rocha,micro,3374,734,495,0.896,0.15,0.34,0.561,0.849,0.463,0.512,0.606,0.475,0.31,0.54,0.232,1.8
2015,rocha,pequeñas,387,26,17,0.896,0.15,0.34,0.561,0.849,0.463,0.512,0.606,0.475,0.31,0.54,0.232,1.8
2015,salto,grandes,15,0,0,0.877,0.296,0.385,0.513,0.888,0.492,0.788,0.642,0.502,0.263,0.436,0.517,2.7
2015,salto,medianas,124,1,1,0.877,0.296,0.385,0.513,0.888,0.492,0.788,0.642,0.502,0.263,0.436,0.517,2.7
2015,salto,micro,3488,725,598,0.877,0.296,0.385,0.513,0.888,0.492,0.788,0.642,0.502,0.263,0.436,0.517,2.7
2015,salto,pequeñas,489,32,26,0.877,0.296,0.385,0.513,0.888,0.492,0.788,0.642,0.502,0.263,0.436,0.517,2.7
2015,san jose,grandes,17,0,0,0.918,0.161,0.329,0.411,0.984,0.625,0.459,0.776,0.525,0.425,0.81,0.53,3
2015,san jose,medianas,109,5,7,0.918,0.161,0.329,0.411,0.984,0.625,0.459,0.776,0.525,0.425,0.81,0.53,3
2015,san jose,micro,4286,773,603,0.918,0.161,0.329,0.411,0.984,0.625,0.459,0.776,0.525,0.425,0.81,0.53,3
2015,san jose,pequeñas,484,23,21,0.918,0.161,0.329,0.411,0.984,0.625,0.459,0.776,0.525,0.425,0.81,0.53,3
2015,soriano,grandes,6,0,0,0.927,0.212,0.379,0.545,0.923,0.488,0.566,0.542,0.539,0.384,0.695,0.363,2.1
2015,soriano,medianas,75,2,0,0.927,0.212,0.379,0.545,0.923,0.488,0.566,0.542,0.539,0.384,0.695,0.363,2.1
2015,soriano,micro,3276,546,484,0.927,0.212,0.379,0.545,0.923,0.488,0.566,0.542,0.539,0.384,0.695,0.363,2.1
2015,soriano,pequeñas,428,21,14,0.927,0.212,0.379,0.545,0.923,0.488,0.566,0.542,0.539,0.384,0.695,0.363,2.1
2015,tacuarembo,grandes,8,0,0,0.847,0.134,0.292,0.522,0.798,0.409,0.5,0.592,0.413,0.2,0.643,0.251,2
2015,tacuarembo,medianas,55,1,0,0.847,0.134,0.292,0.522,0.798,0.409,0.5,0.592,0.413,0.2,0.643,0.251,2
2015,tacuarembo,micro,3009,640,434,0.847,0.134,0.292,0.522,0.798,0.409,0.5,0.592,0.413,0.2,0.643,0.251,2
2015,tacuarembo,pequeñas,350,16,15,0.847,0.134,0.292,0.522,0.798,0.409,0.5,0.592,0.413,0.2,0.643,0.251,2
2015,treinta y tres,grandes,4,0,0,0.867,0.159,0.33,0.491,0.791,0.545,0.568,0.522,0.472,0.284,0.721,0.397,1.2
2015,treinta y tres,medianas,29,0,1,0.867,0.159,0.33,0.491,0.791,0.545,0.568,0.522,0.472,0.284,0.721,0.397,1.2
2015,treinta y tres,micro,1713,383,258,0.867,0.159,0.33,0.491,0.791,0.545,0.568,0.522,0.472,0.284,0.721,0.397,1.2
2015,treinta y tres,pequeñas,204,16,13,0.867,0.159,0.33,0.491,0.791,0.545,0.568,0.522,0.472,0.284,0.721,0.397,1.2
2016,artigas,grandes,1,0,0,0.823,0.152,0.329,0.62,0.762,0.28,0.569,0.566,0.447,0.182,0.694,0.32,1.5
2016,artigas,medianas,44,0,0,0.823,0.152,0.329,0.62,0.762,0.28,0.569,0.566,0.447,0.182,0.694,0.32,1.5
2016,artigas,micro,2032,399,356,0.823,0.152,0.329,0.62,0.762,0.28,0.569,0.566,0.447,0.182,0.694,0.32,1.5
2016,artigas,pequeñas,301,14,10,0.823,0.152,0.329,0.62,0.762,0.28,0.569,0.566,0.447,0.182,0.694,0.32,1.5
2016,canelones,grandes,51,0,0,0.917,0.275,0.41,0.532,0.903,0.576,0.565,0.596,0.588,0.417,0.681,0.65,10.4
2016,canelones,medianas,534,11,8,0.917,0.275,0.41,0.532,0.903,0.576,0.565,0.596,0.588,0.417,0.681,0.65,10.4
2016,canelones,micro,17431,3196,2773,0.917,0.275,0.41,0.532,0.903,0.576,0.565,0.596,0.588,0.417,0.681,0.65,10.4
2016,canelones,pequeñas,2748,133,131,0.917,0.275,0.41,0.532,0.903,0.576,0.565,0.596,0.588,0.417,0.681,0.65,10.4
2016,cerro largo,grandes,6,0,0,0.864,0.101,0.269,0.633,0.819,0.295,0.518,0.779,0.39,0.106,0.621,0.241,1.8
2016,cerro largo,medianas,58,2,0,0.864,0.101,0.269,0.633,0.819,0.295,0.518,0.779,0.39,0.106,0.621,0.241,1.8
2016,cerro largo,micro,2302,385,368,0.864,0.101,0.269,0.633,0.819,0.295,0.518,0.779,0.39,0.106,0.621,0.241,1.8
2016,cerro largo,pequeñas,352,16,13,0.864,0.101,0.269,0.633,0.819,0.295,0.518,0.779,0.39,0.106,0.621,0.241,1.8
2016,colonia,grandes,22,0,0,0.959,0.208,0.424,0.726,0.94,0.646,0.765,0.719,0.517,0.403,0.849,0.397,4.8
2016,colonia,medianas,182,3,2,0.959,0.208,0.424,0.726,0.94,0.646,0.765,0.719,0.517,0.403,0.849,0.397,4.8
2016,colonia,micro,6210,1057,988,0.959,0.208,0.424,0.726,0.94,0.646,0.765,0.719,0.517,0.403,0.849,0.397,4.8
2016,colonia,pequeñas,1029,32,36,0.959,0.208,0.424,0.726,0.94,0.646,0.765,0.719,0.517,0.403,0.849,0.397,4.8
2016,durazno,grandes,6,1,0,0.886,0.17,0.329,0.532,0.849,0.527,0.481,0.586,0.416,0.258,0.504,0.326,1.5
2016,durazno,medianas,36,0,0,0.886,0.17,0.329,0.532,0.849,0.527,0.481,0.586,0.416,0.258,0.504,0.326,1.5
2016,durazno,micro,1992,339,311,0.886,0.17,0.329,0.532,0.849,0.527,0.481,0.586,0.416,0.258,0.504,0.326,1.5
2016,durazno,pequeñas,301,11,16,0.886,0.17,0.329,0.532,0.849,0.527,0.481,0.586,0.416,0.258,0.504,0.326,1.5
2016,flores,grandes,5,0,0,0.908,0.147,0.342,0.565,0.943,0.465,0.58,0.632,0.511,0.388,0.739,0.057,0.7
2016,flores,medianas,20,0,0,0.908,0.147,0.342,0.565,0.943,0.465,0.58,0.632,0.511,0.388,0.739,0.057,0.7
2016,flores,micro,1085,172,172,0.908,0.147,0.342,0.565,0.943,0.465,0.58,0.632,0.511,0.388,0.739,0.057,0.7
2016,flores,pequeñas,179,6,10,0.908,0.147,0.342,0.565,0.943,0.465,0.58,0.632,0.511,0.388,0.739,0.057,0.7
2016,florida,grandes,4,0,0,0.943,0.263,0.407,0.658,0.926,0.601,0.362,0.663,0.595,0.441,0.743,0.526,1.9
2016,florida,medianas,63,0,0,0.943,0.263,0.407,0.658,0.926,0.601,0.362,0.663,0.595,0.441,0.743,0.526,1.9
2016,florida,micro,2742,515,491,0.943,0.263,0.407,0.658,0.926,0.601,0.362,0.663,0.595,0.441,0.743,0.526,1.9
2016,florida,pequeñas,435,18,20,0.943,0.263,0.407,0.658,0.926,0.601,0.362,0.663,0.595,0.441,0.743,0.526,1.9
2016,lavalleja,grandes,7,0,0,0.876,0.175,0.293,0.495,0.852,0.473,0.597,0.536,0.522,0.318,0.683,0.395,1.6
2016,lavalleja,medianas,58,1,1,0.876,0.175,0.293,0.495,0.852,0.473,0.597,0.536,0.522,0.318,0.683,0.395,1.6
2016,lavalleja,micro,1997,291,279,0.876,0.175,0.293,0.495,0.852,0.473,0.597,0.536,0.522,0.318,0.683,0.395,1.6
2016,lavalleja,pequeñas,338,16,11,0.876,0.175,0.293,0.495,0.852,0.473,0.597,0.536,0.522,0.318,0.683,0.395,1.6
2016,maldonado,grandes,30,1,0,0.958,0.211,0.456,0.642,0.967,0.611,0.736,0.639,0.557,0.488,0.731,0.514,5.5
2016,maldonado,medianas,324,8,7,0.958,0.211,0.456,0.642,0.967,0.611,0.736,0.639,0.557,0.488,0.731,0.514,5.5
2016,maldonado,micro,9609,2028,1639,0.958,0.211,0.456,0.642,0.967,0.611,0.736,0.639,0.557,0.488,0.731,0.514,5.5
2016,maldonado,pequeñas,1819,124,135,0.958,0.211,0.456,0.642,0.967,0.611,0.736,0.639,0.557,0.488,0.731,0.514,5.5
2016,montevideo,grandes,646,5,8,0.958,0.603,0.602,0.357,0.783,0.737,0.648,0.459,0.7,0.728,0.639,0.757,50.5
2016,montevideo,medianas,3274,50,52,0.958,0.603,0.602,0.357,0.783,0.737,0.648,0.459,0.7,0.728,0.639,0.757,50.5
2016,montevideo,micro,68402,10087,10364,0.958,0.603,0.602,0.357,0.783,0.737,0.648,0.459,0.7,0.728,0.639,0.757,50.5
2016,montevideo,pequeñas,13694,525,538,0.958,0.603,0.602,0.357,0.783,0.737,0.648,0.459,0.7,0.728,0.639,0.757,50.5
2016,paysandu,grandes,14,0,0,0.906,0.176,0.38,0.597,0.89,0.558,0.614,0.616,0.489,0.299,0.626,0.476,2.6
2016,paysandu,medianas,114,0,0,0.906,0.176,0.38,0.597,0.89,0.558,0.614,0.616,0.489,0.299,0.626,0.476,2.6
2016,paysandu,micro,4246,751,733,0.906,0.176,0.38,0.597,0.89,0.558,0.614,0.616,0.489,0.299,0.626,0.476,2.6
2016,paysandu,pequeñas,754,34,22,0.906,0.176,0.38,0.597,0.89,0.558,0.614,0.616,0.489,0.299,0.626,0.476,2.6
2016,rio negro,grandes,7,0,0,0.866,0.23,0.406,0.581,0.948,0.626,0.534,0.679,0.581,0.343,0.625,0.199,2.1
2016,rio negro,medianas,48,3,2,0.866,0.23,0.406,0.581,0.948,0.626,0.534,0.679,0.581,0.343,0.625,0.199,2.1
2016,rio negro,micro,2166,408,410,0.866,0.23,0.406,0.581,0.948,0.626,0.534,0.679,0.581,0.343,0.625,0.199,2.1
2016,rio negro,pequeñas,357,11,14,0.866,0.23,0.406,0.581,0.948,0.626,0.534,0.679,0.581,0.343,0.625,0.199,2.1
2016,rivera,grandes,8,0,0,0.812,0.158,0.281,0.458,0.695,0.302,0.584,0.489,0.45,0.161,0.717,0.563,2.1
2016,rivera,medianas,70,1,0,0.812,0.158,0.281,0.458,0.695,0.302,0.584,0.489,0.45,0.161,0.717,0.563,2.1
2016,rivera,micro,2733,475,503,0.812,0.158,0.281,0.458,0.695,0.302,0.584,0.489,0.45,0.161,0.717,0.563,2.1
2016,rivera,pequeñas,442,21,17,0.812,0.158,0.281,0.458,0.695,0.302,0.584,0.489,0.45,0.161,0.717,0.563,2.1
2016,rocha,grandes,3,0,0,0.905,0.188,0.36,0.532,0.867,0.451,0.516,0.673,0.512,0.31,0.605,0.222,1.8
2016,rocha,medianas,60,0,1,0.905,0.188,0.36,0.532,0.867,0.451,0.516,0.673,0.512,0.31,0.605,0.222,1.8
2016,rocha,micro,3560,796,693,0.905,0.188,0.36,0.532,0.867,0.451,0.516,0.673,0.512,0.31,0.605,0.222,1.8
2016,rocha,pequeñas,522,37,49,0.905,0.188,0.36,0.532,0.867,0.451,0.516,0.673,0.512,0.31,0.605,0.222,1.8
2016,salto,grandes,17,0,0,0.891,0.385,0.457,0.535,0.929,0.49,0.561,0.592,0.583,0.368,0.609,0.454,2.7
2016,salto,medianas,135,1,2,0.891,0.385,0.457,0.535,0.929,0.49,0.561,0.592,0.583,0.368,0.609,0.454,2.7
2016,salto,micro,3427,667,595,0.891,0.385,0.457,0.535,0.929,0.49,0.561,0.592,0.583,0.368,0.609,0.454,2.7
2016,salto,pequeñas,590,21,18,0.891,0.385,0.457,0.535,0.929,0.49,0.561,0.592,0.583,0.368,0.609,0.454,2.7
2016,san jose,grandes,16,0,0,0.95,0.156,0.341,0.514,0.974,0.616,0.43,0.746,0.578,0.395,0.739,0.502,2.9
2016,san jose,medianas,107,1,1,0.95,0.156,0.341,0.514,0.974,0.616,0.43,0.746,0.578,0.395,0.739,0.502,2.9
2016,san jose,micro,4321,770,702,0.95,0.156,0.341,0.514,0.974,0.616,0.43,0.746,0.578,0.395,0.739,0.502,2.9
2016,san jose,pequeñas,605,23,25,0.95,0.156,0.341,0.514,0.974,0.616,0.43,0.746,0.578,0.395,0.739,0.502,2.9
2016,soriano,grandes,9,0,0,0.927,0.184,0.365,0.528,0.92,0.402,0.576,0.576,0.687,0.38,0.624,0.723,2.2
2016,soriano,medianas,79,1,1,0.927,0.184,0.365,0.528,0.92,0.402,0.576,0.576,0.687,0.38,0.624,0.723,2.2
2016,soriano,micro,3195,501,508,0.927,0.184,0.365,0.528,0.92,0.402,0.576,0.576,0.687,0.38,0.624,0.723,2.2
2016,soriano,pequeñas,523,23,13,0.927,0.184,0.365,0.528,0.92,0.402,0.576,0.576,0.687,0.38,0.624,0.723,2.2
2016,tacuarembo,grandes,8,0,0,0.879,0.203,0.343,0.516,0.809,0.441,0.535,0.599,0.408,0.227,0.673,0.236,2
2016,tacuarembo,medianas,65,2,1,0.879,0.203,0.343,0.516,0.809,0.441,0.535,0.599,0.408,0.227,0.673,0.236,2
2016,tacuarembo,micro,3132,640,607,0.879,0.203,0.343,0.516,0.809,0.441,0.535,0.599,0.408,0.227,0.673,0.236,2
2016,tacuarembo,pequeñas,420,16,16,0.879,0.203,0.343,0.516,0.809,0.441,0.535,0.599,0.408,0.227,0.673,0.236,2
2016,treinta y tres,grandes,4,0,0,0.818,0.094,0.286,0.497,0.768,0.399,0.579,0.556,0.411,0.195,0.569,0.393,1.2
2016,treinta y tres,medianas,34,2,1,0.818,0.094,0.286,0.497,0.768,0.399,0.579,0.556,0.411,0.195,0.569,0.393,1.2
2016,treinta y tres,micro,1741,332,327,0.818,0.094,0.286,0.497,0.768,0.399,0.579,0.556,0.411,0.195,0.569,0.393,1.2
2016,treinta y tres,pequeñas,243,11,10,0.818,0.094,0.286,0.497,0.768,0.399,0.579,0.556,0.411,0.195,0.569,0.393,1.2
2017,artigas,grandes,1,0,0,0.879,0.198,0.369,0.644,0.824,0.355,0.565,0.582,0.427,0.194,0.664,0.287,1.5
2017,artigas,medianas,39,0,0,0.879,0.198,0.369,0.644,0.824,0.355,0.565,0.582,0.427,0.194,0.664,0.287,1.5
2017,artigas,micro,2081,403,368,0.879,0.198,0.369,0.644,0.824,0.355,0.565,0.582,0.427,0.194,0.664,0.287,1.5
2017,artigas,pequeñas,296,7,6,0.879,0.198,0.369,0.644,0.824,0.355,0.565,0.582,0.427,0.194,0.664,0.287,1.5
2017,canelones,grandes,45,0,0,0.931,0.28,0.421,0.58,0.926,0.581,0.602,0.612,0.611,0.412,0.647,0.597,10.6
2017,canelones,medianas,531,10,8,0.931,0.28,0.421,0.58,0.926,0.581,0.602,0.612,0.611,0.412,0.647,0.597,10.6
2017,canelones,micro,18609,3935,3166,0.931,0.28,0.421,0.58,0.926,0.581,0.602,0.612,0.611,0.412,0.647,0.597,10.6
2017,canelones,pequeñas,2664,134,124,0.931,0.28,0.421,0.58,0.926,0.581,0.602,0.612,0.611,0.412,0.647,0.597,10.6
2017,cerro largo,grandes,5,0,0,0.883,0.114,0.303,0.65,0.851,0.337,0.476,0.739,0.455,0.114,0.777,0.269,1.9
2017,cerro largo,medianas,63,1,0,0.883,0.114,0.303,0.65,0.851,0.337,0.476,0.739,0.455,0.114,0.777,0.269,1.9
2017,cerro largo,micro,2366,439,388,0.883,0.114,0.303,0.65,0.851,0.337,0.476,0.739,0.455,0.114,0.777,0.269,1.9
2017,cerro largo,pequeñas,366,16,19,0.883,0.114,0.303,0.65,0.851,0.337,0.476,0.739,0.455,0.114,0.777,0.269,1.9
2017,colonia,grandes,24,0,0,0.94,0.177,0.404,0.727,0.964,0.63,0.422,0.766,0.58,0.379,0.819,0.411,4.8
2017,colonia,medianas,180,1,4,0.94,0.177,0.404,0.727,0.964,0.63,0.422,0.766,0.58,0.379,0.819,0.411,4.8
2017,colonia,micro,6299,1057,1021,0.94,0.177,0.404,0.727,0.964,0.63,0.422,0.766,0.58,0.379,0.819,0.411,4.8
2017,colonia,pequeñas,1031,45,34,0.94,0.177,0.404,0.727,0.964,0.63,0.422,0.766,0.58,0.379,0.819,0.411,4.8
2017,durazno,grandes,6,0,0,0.937,0.194,0.344,0.518,0.874,0.504,0.578,0.649,0.462,0.256,0.389,0.294,1.5
2017,durazno,medianas,43,0,0,0.937,0.194,0.344,0.518,0.874,0.504,0.578,0.649,0.462,0.256,0.389,0.294,1.5
2017,durazno,micro,2030,343,369,0.937,0.194,0.344,0.518,0.874,0.504,0.578,0.649,0.462,0.256,0.389,0.294,1.5
2017,durazno,pequeñas,294,19,11,0.937,0.194,0.344,0.518,0.874,0.504,0.578,0.649,0.462,0.256,0.389,0.294,1.5
2017,flores,grandes,5,0,0,0.948,0.163,0.343,0.643,0.968,0.572,0.659,0.779,0.529,0.353,0.761,0.048,0.7
2017,flores,medianas,17,0,0,0.948,0.163,0.343,0.643,0.968,0.572,0.659,0.779,0.529,0.353,0.761,0.048,0.7
2017,flores,micro,1096,176,158,0.948,0.163,0.343,0.643,0.968,0.572,0.659,0.779,0.529,0.353,0.761,0.048,0.7
2017,flores,pequeñas,168,7,6,0.948,0.163,0.343,0.643,0.968,0.572,0.659,0.779,0.529,0.353,0.761,0.048,0.7
2017,florida,grandes,5,0,0,0.925,0.212,0.351,0.67,0.907,0.572,0.504,0.659,0.6,0.377,0.775,0.488,1.9
2017,florida,medianas,63,2,0,0.925,0.212,0.351,0.67,0.907,0.572,0.504,0.659,0.6,0.377,0.775,0.488,1.9
2017,florida,micro,2819,565,476,0.925,0.212,0.351,0.67,0.907,0.572,0.504,0.659,0.6,0.377,0.775,0.488,1.9
2017,florida,pequeñas,428,14,16,0.925,0.212,0.351,0.67,0.907,0.572,0.504,0.659,0.6,0.377,0.775,0.488,1.9
2017,lavalleja,grandes,7,0,0,0.904,0.158,0.31,0.495,0.941,0.545,0.568,0.766,0.604,0.281,0.554,0.375,1.6
2017,lavalleja,medianas,52,0,0,0.904,0.158,0.31,0.495,0.941,0.545,0.568,0.766,0.604,0.281,0.554,0.375,1.6
2017,lavalleja,micro,2068,345,283,0.904,0.158,0.31,0.495,0.941,0.545,0.568,0.766,0.604,0.281,0.554,0.375,1.6
2017,lavalleja,pequeñas,338,15,17,0.904,0.158,0.31,0.495,0.941,0.545,0.568,0.766,0.604,0.281,0.554,0.375,1.6
2017,maldonado,grandes,26,1,1,0.971,0.231,0.467,0.656,0.97,0.587,0.646,0.636,0.607,0.468,0.687,0.459,5.7
2017,maldonado,medianas,325,16,5,0.971,0.231,0.467,0.656,0.97,0.587,0.646,0.636,0.607,0.468,0.687,0.459,5.7
2017,maldonado,micro,9998,2027,1787,0.971,0.231,0.467,0.656,0.97,0.587,0.646,0.636,0.607,0.468,0.687,0.459,5.7
2017,maldonado,pequeñas,1817,116,126,0.971,0.231,0.467,0.656,0.97,0.587,0.646,0.636,0.607,0.468,0.687,0.459,5.7
2017,montevideo,grandes,667,6,8,0.955,0.66,0.633,0.347,0.815,0.751,0.611,0.472,0.726,0.753,0.642,0.762,49.8
2017,montevideo,medianas,3293,43,46,0.955,0.66,0.633,0.347,0.815,0.751,0.611,0.472,0.726,0.753,0.642,0.762,49.8
2017,montevideo,micro,73295,14839,11731,0.955,0.66,0.633,0.347,0.815,0.751,0.611,0.472,0.726,0.753,0.642,0.762,49.8
2017,montevideo,pequeñas,13457,491,494,0.955,0.66,0.633,0.347,0.815,0.751,0.611,0.472,0.726,0.753,0.642,0.762,49.8
2017,paysandu,grandes,14,0,0,0.871,0.251,0.39,0.617,0.885,0.583,0.574,0.616,0.566,0.326,0.754,0.474,2.7
2017,paysandu,medianas,116,0,0,0.871,0.251,0.39,0.617,0.885,0.583,0.574,0.616,0.566,0.326,0.754,0.474,2.7
2017,paysandu,micro,4298,765,678,0.871,0.251,0.39,0.617,0.885,0.583,0.574,0.616,0.566,0.326,0.754,0.474,2.7
2017,paysandu,pequeñas,734,26,29,0.871,0.251,0.39,0.617,0.885,0.583,0.574,0.616,0.566,0.326,0.754,0.474,2.7
2017,rio negro,grandes,8,0,0,0.876,0.191,0.375,0.667,0.938,0.573,0.483,0.592,0.563,0.313,0.671,0.17,2.1
2017,rio negro,medianas,48,0,1,0.876,0.191,0.375,0.667,0.938,0.573,0.483,0.592,0.563,0.313,0.671,0.17,2.1
2017,rio negro,micro,2232,459,454,0.876,0.191,0.375,0.667,0.938,0.573,0.483,0.592,0.563,0.313,0.671,0.17,2.1
2017,rio negro,pequeñas,331,9,13,0.876,0.191,0.375,0.667,0.938,0.573,0.483,0.592,0.563,0.313,0.671,0.17,2.1
2017,rivera,grandes,7,0,0,0.858,0.191,0.315,0.493,0.797,0.327,0.484,0.626,0.497,0.153,0.697,0.485,2.1
2017,rivera,medianas,70,0,0,0.858,0.191,0.315,0.493,0.797,0.327,0.484,0.626,0.497,0.153,0.697,0.485,2.1
2017,rivera,micro,2741,507,485,0.858,0.191,0.315,0.493,0.797,0.327,0.484,0.626,0.497,0.153,0.697,0.485,2.1
2017,rivera,pequeñas,429,14,21,0.858,0.191,0.315,0.493,0.797,0.327,0.484,0.626,0.497,0.153,0.697,0.485,2.1
2017,rocha,grandes,3,0,0,0.905,0.204,0.38,0.607,0.9,0.514,0.377,0.616,0.497,0.336,0.626,0.218,1.9
2017,rocha,medianas,61,0,0,0.905,0.204,0.38,0.607,0.9,0.514,0.377,0.616,0.497,0.336,0.626,0.218,1.9
2017,rocha,micro,3595,738,662,0.905,0.204,0.38,0.607,0.9,0.514,0.377,0.616,0.497,0.336,0.626,0.218,1.9
2017,rocha,pequeñas,511,33,42,0.905,0.204,0.38,0.607,0.9,0.514,0.377,0.616,0.497,0.336,0.626,0.218,1.9
2017,salto,grandes,14,0,0,0.883,0.308,0.408,0.605,0.863,0.435,0.646,0.519,0.601,0.297,0.537,0.41,2.7
2017,salto,medianas,134,1,3,0.883,0.308,0.408,0.605,0.863,0.435,0.646,0.519,0.601,0.297,0.537,0.41,2.7
2017,salto,micro,3522,683,667,0.883,0.308,0.408,0.605,0.863,0.435,0.646,0.519,0.601,0.297,0.537,0.41,2.7
2017,salto,pequeñas,605,27,31,0.883,0.308,0.408,0.605,0.863,0.435,0.646,0.519,0.601,0.297,0.537,0.41,2.7
2017,san jose,grandes,15,0,0,0.929,0.091,0.316,0.475,0.98,0.589,0.551,0.826,0.595,0.348,0.739,0.482,3
2017,san jose,medianas,104,1,4,0.929,0.091,0.316,0.475,0.98,0.589,0.551,0.826,0.595,0.348,0.739,0.482,3
2017,san jose,micro,4481,861,743,0.929,0.091,0.316,0.475,0.98,0.589,0.551,0.826,0.595,0.348,0.739,0.482,3
2017,san jose,pequeñas,594,14,23,0.929,0.091,0.316,0.475,0.98,0.589,0.551,0.826,0.595,0.348,0.739,0.482,3
2017,soriano,grandes,7,0,0,0.878,0.202,0.35,0.571,0.938,0.394,0.496,0.669,0.651,0.323,0.607,0.389,2.1
2017,soriano,medianas,76,0,1,0.878,0.202,0.35,0.571,0.938,0.394,0.496,0.669,0.651,0.323,0.607,0.389,2.1
2017,soriano,micro,3271,572,486,0.878,0.202,0.35,0.571,0.938,0.394,0.496,0.669,0.651,0.323,0.607,0.389,2.1
2017,soriano,pequeñas,522,15,15,0.878,0.202,0.35,0.571,0.938,0.394,0.496,0.669,0.651,0.323,0.607,0.389,2.1
2017,tacuarembo,grandes,8,0,0,0.851,0.14,0.303,0.564,0.909,0.483,0.436,0.699,0.341,0.17,0.835,0.206,2.1
2017,tacuarembo,medianas,64,0,1,0.851,0.14,0.303,0.564,0.909,0.483,0.436,0.699,0.341,0.17,0.835,0.206,2.1
2017,tacuarembo,micro,3183,663,588,0.851,0.14,0.303,0.564,0.909,0.483,0.436,0.699,0.341,0.17,0.835,0.206,2.1
2017,tacuarembo,pequeñas,427,15,19,0.851,0.14,0.303,0.564,0.909,0.483,0.436,0.699,0.341,0.17,0.835,0.206,2.1
2017,treinta y tres,grandes,3,0,0,0.905,0.181,0.37,0.513,0.861,0.578,0.388,0.539,0.471,0.282,0.645,0.547,1.2
2017,treinta y tres,medianas,33,2,1,0.905,0.181,0.37,0.513,0.861,0.578,0.388,0.539,0.471,0.282,0.645,0.547,1.2
2017,treinta y tres,micro,1823,419,298,0.905,0.181,0.37,0.513,0.861,0.578,0.388,0.539,0.471,0.282,0.645,0.547,1.2
2017,treinta y tres,pequeñas,246,10,11,0.905,0.181,0.37,0.513,0.861,0.578,0.388,0.539,0.471,0.282,0.645,0.547,1.2
2018,artigas,grandes,3,0,0,0.847,0.185,0.351,0.679,0.824,0.324,0.423,0.659,0.458,0.158,0.679,0.259,1.5
2018,artigas,medianas,68,2,0,0.847,0.185,0.351,0.679,0.824,0.324,0.423,0.659,0.458,0.158,0.679,0.259,1.5
2018,artigas,micro,2270,584,418,0.847,0.185,0.351,0.679,0.824,0.324,0.423,0.659,0.458,0.158,0.679,0.259,1.5
2018,artigas,pequeñas,303,18,10,0.847,0.185,0.351,0.679,0.824,0.324,0.423,0.659,0.458,0.158,0.679,0.259,1.5
2018,canelones,grandes,123,0,2,0.936,0.322,0.437,0.62,0.936,0.599,0.576,0.599,0.626,0.442,0.648,0.584,10.5
2018,canelones,medianas,751,13,12,0.936,0.322,0.437,0.62,0.936,0.599,0.576,0.599,0.626,0.442,0.648,0.584,10.5
2018,canelones,micro,19238,3843,3505,0.936,0.322,0.437,0.62,0.936,0.599,0.576,0.599,0.626,0.442,0.648,0.584,10.5
2018,canelones,pequeñas,2625,109,116,0.936,0.322,0.437,0.62,0.936,0.599,0.576,0.599,0.626,0.442,0.648,0.584,10.5
2018,cerro largo,grandes,9,0,0,0.9,0.141,0.31,0.681,0.803,0.22,0.279,0.719,0.466,0.101,0.897,0.293,1.9
2018,cerro largo,medianas,87,0,0,0.9,0.141,0.31,0.681,0.803,0.22,0.279,0.719,0.466,0.101,0.897,0.293,1.9
2018,cerro largo,micro,2565,612,475,0.9,0.141,0.31,0.681,0.803,0.22,0.279,0.719,0.466,0.101,0.897,0.293,1.9
2018,cerro largo,pequeñas,354,14,22,0.9,0.141,0.31,0.681,0.803,0.22,0.279,0.719,0.466,0.101,0.897,0.293,1.9
2018,colonia,grandes,37,0,0,0.857,0.171,0.413,0.791,0.962,0.682,0.538,0.813,0.614,0.367,0.787,0.296,4.9
2018,colonia,medianas,269,1,3,0.857,0.171,0.413,0.791,0.962,0.682,0.538,0.813,0.614,0.367,0.787,0.296,4.9
2018,colonia,micro,6422,1178,1016,0.857,0.171,0.413,0.791,0.962,0.682,0.538,0.813,0.614,0.367,0.787,0.296,4.9
2018,colonia,pequeñas,977,44,51,0.857,0.171,0.413,0.791,0.962,0.682,0.538,0.813,0.614,0.367,0.787,0.296,4.9
2018,durazno,grandes,10,0,1,0.888,0.181,0.363,0.61,0.885,0.532,0.603,0.646,0.495,0.255,0.273,0.291,1.5
2018,durazno,medianas,65,0,0,0.888,0.181,0.363,0.61,0.885,0.532,0.603,0.646,0.495,0.255,0.273,0.291,1.5
2018,durazno,micro,1972,335,362,0.888,0.181,0.363,0.61,0.885,0.532,0.603,0.646,0.495,0.255,0.273,0.291,1.5
2018,durazno,pequeñas,290,10,5,0.888,0.181,0.363,0.61,0.885,0.532,0.603,0.646,0.495,0.255,0.273,0.291,1.5
2018,flores,grandes,9,0,0,0.933,0.254,0.328,0.639,0.962,0.546,0.646,0.8,0.546,0.351,0.566,0.042,0.8
2018,flores,medianas,29,0,0,0.933,0.254,0.328,0.639,0.962,0.546,0.646,0.8,0.546,0.351,0.566,0.042,0.8
2018,flores,micro,1110,183,206,0.933,0.254,0.328,0.639,0.962,0.546,0.646,0.8,0.546,0.351,0.566,0.042,0.8
2018,flores,pequeñas,161,6,4,0.933,0.254,0.328,0.639,0.962,0.546,0.646,0.8,0.546,0.351,0.566,0.042,0.8
2018,florida,grandes,11,0,0,0.841,0.259,0.389,0.672,0.934,0.676,0.279,0.719,0.677,0.38,0.735,0.433,2
2018,florida,medianas,107,1,2,0.841,0.259,0.389,0.672,0.934,0.676,0.279,0.719,0.677,0.38,0.735,0.433,2
2018,florida,micro,2837,507,545,0.841,0.259,0.389,0.672,0.934,0.676,0.279,0.719,0.677,0.38,0.735,0.433,2
2018,florida,pequeñas,408,17,19,0.841,0.259,0.389,0.672,0.934,0.676,0.279,0.719,0.677,0.38,0.735,0.433,2
2018,lavalleja,grandes,12,0,0,0.947,0.214,0.343,0.529,0.897,0.584,0.589,0.693,0.649,0.302,0.629,0.421,1.6
2018,lavalleja,medianas,80,0,0,0.947,0.214,0.343,0.529,0.897,0.584,0.589,0.693,0.649,0.302,0.629,0.421,1.6
2018,lavalleja,micro,2184,421,355,0.947,0.214,0.343,0.529,0.897,0.584,0.589,0.693,0.649,0.302,0.629,0.421,1.6
2018,lavalleja,pequeñas,331,15,17,0.947,0.214,0.343,0.529,0.897,0.584,0.589,0.693,0.649,0.302,0.629,0.421,1.6
2018,maldonado,grandes,42,0,0,0.834,0.258,0.463,0.704,0.973,0.589,0.514,0.693,0.635,0.452,0.685,0.418,5.7
2018,maldonado,medianas,426,6,6,0.834,0.258,0.463,0.704,0.973,0.589,0.514,0.693,0.635,0.452,0.685,0.418,5.7
2018,maldonado,micro,10381,2199,1923,0.834,0.258,0.463,0.704,0.973,0.589,0.514,0.693,0.635,0.452,0.685,0.418,5.7
2018,maldonado,pequeñas,1754,93,120,0.834,0.258,0.463,0.704,0.973,0.589,0.514,0.693,0.635,0.452,0.685,0.418,5.7
2018,montevideo,grandes,1077,7,5,0.963,0.685,0.645,0.441,0.81,0.759,0.618,0.465,0.749,0.76,0.612,0.76,49.1
2018,montevideo,medianas,4330,64,33,0.963,0.685,0.645,0.441,0.81,0.759,0.618,0.465,0.749,0.76,0.612,0.76,49.1
2018,montevideo,micro,74244,13537,13707,0.963,0.685,0.645,0.441,0.81,0.759,0.618,0.465,0.749,0.76,0.612,0.76,49.1
2018,montevideo,pequeñas,12459,487,500,0.963,0.685,0.645,0.441,0.81,0.759,0.618,0.465,0.749,0.76,0.612,0.76,49.1
2018,paysandu,grandes,26,0,2,0.854,0.224,0.403,0.672,0.906,0.55,0.507,0.596,0.587,0.302,0.637,0.459,2.7
2018,paysandu,medianas,168,1,1,0.854,0.224,0.403,0.672,0.906,0.55,0.507,0.596,0.587,0.302,0.637,0.459,2.7
2018,paysandu,micro,4437,829,745,0.854,0.224,0.403,0.672,0.906,0.55,0.507,0.596,0.587,0.302,0.637,0.459,2.7
2018,paysandu,pequeñas,682,33,30,0.854,0.224,0.403,0.672,0.906,0.55,0.507,0.596,0.587,0.302,0.637,0.459,2.7
2018,rio negro,grandes,14,0,0,0.812,0.196,0.337,0.748,0.929,0.58,0.581,0.693,0.586,0.251,0.516,0.156,2.6
2018,rio negro,medianas,86,1,1,0.812,0.196,0.337,0.748,0.929,0.58,0.581,0.693,0.586,0.251,0.516,0.156,2.6
2018,rio negro,micro,2262,474,429,0.812,0.196,0.337,0.748,0.929,0.58,0.581,0.693,0.586,0.251,0.516,0.156,2.6
2018,rio negro,pequeñas,291,11,5,0.812,0.196,0.337,0.748,0.929,0.58,0.581,0.693,0.586,0.251,0.516,0.156,2.6
2018,rivera,grandes,12,0,0,0.889,0.161,0.324,0.523,0.786,0.301,0.49,0.606,0.538,0.147,0.658,0.441,2.1
2018,rivera,medianas,101,2,2,0.889,0.161,0.324,0.523,0.786,0.301,0.49,0.606,0.538,0.147,0.658,0.441,2.1
2018,rivera,micro,3036,765,538,0.889,0.161,0.324,0.523,0.786,0.301,0.49,0.606,0.538,0.147,0.658,0.441,2.1
2018,rivera,pequeñas,387,16,24,0.889,0.161,0.324,0.523,0.786,0.301,0.49,0.606,0.538,0.147,0.658,0.441,2.1
2018,rocha,grandes,11,0,0,0.887,0.159,0.355,0.633,0.907,0.475,0.789,0.612,0.486,0.307,0.519,0.203,1.9
2018,rocha,medianas,83,2,0,0.887,0.159,0.355,0.633,0.907,0.475,0.789,0.612,0.486,0.307,0.519,0.203,1.9
2018,rocha,micro,3695,793,757,0.887,0.159,0.355,0.633,0.907,0.475,0.789,0.612,0.486,0.307,0.519,0.203,1.9
2018,rocha,pequeñas,512,32,52,0.887,0.159,0.355,0.633,0.907,0.475,0.789,0.612,0.486,0.307,0.519,0.203,1.9
2018,salto,grandes,25,0,0,0.913,0.29,0.391,0.577,0.872,0.367,0.648,0.582,0.51,0.259,0.543,0.398,2.7
2018,salto,medianas,153,2,1,0.913,0.29,0.391,0.577,0.872,0.367,0.648,0.582,0.51,0.259,0.543,0.398,2.7
2018,salto,micro,3553,724,693,0.913,0.29,0.391,0.577,0.872,0.367,0.648,0.582,0.51,0.259,0.543,0.398,2.7
2018,salto,pequeñas,588,19,32,0.913,0.29,0.391,0.577,0.872,0.367,0.648,0.582,0.51,0.259,0.543,0.398,2.7
2018,san jose,grandes,23,0,0,0.914,0.139,0.301,0.559,0.968,0.588,0.549,0.836,0.598,0.33,0.787,0.501,3.1
2018,san jose,medianas,152,1,0,0.914,0.139,0.301,0.559,0.968,0.588,0.549,0.836,0.598,0.33,0.787,0.501,3.1
2018,san jose,micro,4524,795,797,0.914,0.139,0.301,0.559,0.968,0.588,0.549,0.836,0.598,0.33,0.787,0.501,3.1
2018,san jose,pequeñas,555,14,20,0.914,0.139,0.301,0.559,0.968,0.588,0.549,0.836,0.598,0.33,0.787,0.501,3.1
2018,soriano,grandes,18,0,0,0.819,0.147,0.369,0.605,0.907,0.427,0.531,0.642,0.699,0.339,0.514,0.407,2.2
2018,soriano,medianas,124,1,1,0.819,0.147,0.369,0.605,0.907,0.427,0.531,0.642,0.699,0.339,0.514,0.407,2.2
2018,soriano,micro,3291,532,561,0.819,0.147,0.369,0.605,0.907,0.427,0.531,0.642,0.699,0.339,0.514,0.407,2.2
2018,soriano,pequeñas,488,15,24,0.819,0.147,0.369,0.605,0.907,0.427,0.531,0.642,0.699,0.339,0.514,0.407,2.2
2018,tacuarembo,grandes,14,0,0,0.928,0.17,0.324,0.57,0.896,0.492,0.551,0.676,0.386,0.16,0.706,0.185,2.1
2018,tacuarembo,medianas,91,1,1,0.928,0.17,0.324,0.57,0.896,0.492,0.551,0.676,0.386,0.16,0.706,0.185,2.1
2018,tacuarembo,micro,3310,721,613,0.928,0.17,0.324,0.57,0.896,0.492,0.551,0.676,0.386,0.16,0.706,0.185,2.1
2018,tacuarembo,pequeñas,402,19,17,0.928,0.17,0.324,0.57,0.896,0.492,0.551,0.676,0.386,0.16,0.706,0.185,2.1
2018,treinta y tres,grandes,8,0,0,0.916,0.143,0.363,0.57,0.805,0.454,0.632,0.512,0.456,0.222,0.586,0.317,1.2
2018,treinta y tres,medianas,50,0,0,0.916,0.143,0.363,0.57,0.805,0.454,0.632,0.512,0.456,0.222,0.586,0.317,1.2
2018,treinta y tres,micro,1914,406,393,0.916,0.143,0.363,0.57,0.805,0.454,0.632,0.512,0.456,0.222,0.586,0.317,1.2
2018,treinta y tres,pequeñas,237,8,8,0.916,0.143,0.363,0.57,0.805,0.454,0.632,0.512,0.456,0.222,0.586,0.317,1.2
